Time,AreaNormed,Counts Bmal1,Counts Cry1
17,1.9522626509423802,118,9
17,0.7005203501923769,36,10
17,0.48861294425918284,30,7
17,0.47358094507797144,41,11
17,1.0080195955789055,50,16
17,1.312468658607305,42,9
17,0.9334579608053045,25,6
17,0.7251845041887335,25,13
17,1.2200875374256854,68,6
17,0.8820864684578635,25,7
17,1.1981816823082112,27,5
17,0.9865807540282264,28,18
17,0.9103845717708431,60,24
17,1.2006626918818093,37,13
17,0.8350786341251626,31,10
17,0.5887435718148057,24,7
17,1.2958313002902362,44,12
17,0.6001124333314695,37,17
17,0.9632300756884805,44,15
17,0.9581075206276988,59,6
17,1.4533024373438974,40,14
17,0.6338249751844777,36,6
17,1.1558585778174217,83,9
17,1.0615802140206978,19,23
17,0.7714626298233174,46,6
17,1.0878643213268742,53,7
17,1.1068221533039555,45,16
17,0.5369196600745322,17,4
17,1.140257405851679,86,10
17,1.089907505681602,36,11
17,1.069752951439609,38,10
17,0.7311681155132933,33,15
17,0.6179173255655257,22,8
17,0.9006064752160745,30,7
17,1.4658534269515109,92,18
17,0.7343934279589708,19,3
17,1.0142950903827124,49,3
17,0.6020096759465738,40,10
17,1.0531301872965022,48,12
17,1.2407966702782476,41,13
17,1.595157808257854,57,13
17,1.1968682066516005,49,18
17,0.7497027164454666,7,8
17,1.1370320934060016,44,7
17,1.4181158839206929,49,11
17,1.0004306251184882,34,5
17,0.47722948856855674,32,1
17,0.640684236946778,24,4
17,0.6546946439506255,49,6
17,0.9878942296848371,16,10
17,0.767084377634615,41,3
17,0.7923177044155029,41,12
17,1.0681621864777135,21,19
17,1.0061223529638013,70,15
17,1.2637095233991231,84,14
17,1.1806686735534018,53,19
17,0.9956145477109156,41,8
17,0.75583226950965,8,9
17,0.7799272507214753,37,9
17,0.9674623861375594,41,11
17,0.7749506374003169,32,12
17,1.9292038560818812,78,15
17,1.2193578287275684,40,10
17,0.7034391849848451,22,3
17,0.9500953191223734,31,8
17,0.7507243086228306,40,10
17,1.2491299436107444,49,12
17,0.8994535354730495,35,13
17,1.4908094644271144,47,9
17,0.6798112173398148,17,9
17,1.0451033916172145,5,26
17,0.9919660042203303,15,3
17,1.0013062755562288,28,9
17,1.1900089448893,27,21
17,1.4455675251438567,53,11
17,1.0554652551304768,46,15
17,0.8807583986272904,26,9
17,1.3537701709207306,50,9
17,1.2621041642632655,31,12
17,0.8064740531589738,29,14
17,1.1014369031118516,40,4
17,1.2965610089883532,48,19
17,1.0382295356809519,53,6
17,0.7140929319773541,15,5
17,0.44220347105893787,30,7
17,1.341642412358025,47,20
17,1.5903417308502812,54,13
17,1.4057108360527029,49,10
17,1.7319052182849908,110,76
17,1.7913035063117193,62,35
17,1.251465011444719,41,7
17,0.8441270219818141,16,5
17,1.1076978037416958,32,7
17,1.2934816382822991,36,14
17,1.2164243997611377,51,10
17,0.9296488814011334,35,12
17,0.9878942296848371,45,6
17,0.3546384272848908,10,2
17,0.8539051185365827,20,5
17,1.3991580519436118,89,21
17,1.2367248957427543,81,25
17,0.6875315353658932,13,4
17,0.8936012717141507,10,11
17,0.7983013157400628,52,15
17,0.5465518148896774,48,7
17,2.0882949464453624,86,18
17,1.0907831561193424,66,9
17,0.8460388587708808,40,7
17,0.6025934429050676,31,6
17,0.9948848390127986,37,16
17,0.7915879957173858,18,1
17,0.9051306691444002,39,10
17,0.4597164798137473,40,5
17,1.4338775918000213,25,23
17,1.0789472810358838,50,16
17,0.39842094917191434,37,6
17,0.4595705380741239,37,9
17,1.317124200101292,35,11
17,0.9141790570010518,47,5
17,1.0299108565224173,31,10
17,0.7667924941553682,39,10
17,1.1504587334513556,58,9
17,0.5448005140141964,31,9
17,1.486139328759165,62,23
17,1.2170081667196313,31,11
17,0.802548220363104,25,7
17,0.6932232632112063,31,10
17,0.749118949486973,37,5
17,0.97912313113347,40,6
17,1.1942412553383792,33,6
17,1.1989259851802907,33,9
17,0.7032932432452217,61,6
17,1.233806060950286,13,9
17,0.8826556412423948,28,11
17,0.524806495685789,43,4
17,0.8572617785479212,15,9
17,0.7464919981737516,26,9
17,0.7882313357060474,37,10
17,0.9603112408960123,18,6
17,0.9128801755184034,37,8
17,1.263140350614592,21,12
17,1.3952030307998173,54,25
17,0.7895448113626581,27,10
17,1.3814991014491789,47,11
17,1.1255026959757521,57,20
17,1.1873819935760788,54,18
17,1.1386374525418592,30,20
17,0.8863041847329801,44,17
17,1.04713198179798,27,13
17,0.9839392085410427,39,13
17,0.8663101664045727,14,9
17,1.244021982723925,33,12
17,0.99751179032602,22,7
17,0.9620625417714932,45,24
17,1.0682935340433748,113,9
17,0.9446808805823449,41,12
17,0.6684131674752263,37,6
17,0.9095089213331026,30,7
17,1.0300567982620408,44,20
17,0.7930474131136199,15,11
17,0.8991470578198404,16,6
17,0.9278975805256525,18,22
17,0.9965047923226185,18,20
17,1.1927964321161073,17,11
17,1.7867793123833935,137,31
17,0.701250058890494,12,5
17,1.3657373935698505,52,11
17,0.8648507490083386,38,6
17,0.9007524169556979,17,6
17,0.9426522904015795,56,5
17,1.3860232953775047,49,12
17,0.9645435513450912,41,5
17,1.231325051376688,56,20
17,0.5109420304215648,10,3
17,1.1316322490399355,72,22
17,1.2495531746556523,28,13
17,0.8005050360083763,8,2
17,1.1237659892742335,44,11
17,1.0809904653906115,32,8
17,0.8865960682122269,14,5
17,1.5380799938911374,53,14
17,1.0374998269828348,49,9
17,0.9840851502806661,25,14
17,1.6390862718845007,100,24
17,1.2692699036787751,37,17
17,0.9842310920202895,16,7
17,1.4235303224607214,28,6
17,0.8368299350006435,31,5
17,1.6225802611330928,31,32
17,0.7861881513513196,7,9
17,1.3918463707884787,51,21
17,1.0990872411039145,29,7
17,0.9048533798391157,31,5
17,1.2565729723315384,38,13
17,1.2790334060595814,46,5
17,0.9516860840842687,14,6
17,0.8231114114760428,31,9
17,0.734831253177841,37,4
17,0.8991470578198404,36,9
17,1.046402273099863,39,9
17,0.7260747488004363,35,4
17,0.6078473455315103,50,8
17,0.6764399631545139,25,4
17,1.0486059933681764,9,14
17,0.7470757651322453,36,8
17,0.7774316469739149,33,11
17,0.9074803311523372,9,7
17,0.9511169112997373,42,5
17,1.01633827473744,18,20
17,1.1443291803871722,45,7
17,0.4891967112176765,36,10
17,0.8566780115894276,36,7
17,0.8063427055933128,30,5
17,1.424843798117332,31,10
17,1.2212550713426726,27,12
17,1.0131421506396874,42,10
17,0.8988697685145559,49,11
17,0.9632154815145182,25,6
17,0.48729946860257217,26,3
17,0.8825096995027715,37,7
17,0.8070578201174675,39,7
17,0.976510773994211,35,10
17,0.9087792126349855,8,33
17,0.8839691168990056,30,7
17,1.3796018588340746,39,8
17,0.6557308303019518,38,4
17,0.7389030277133342,41,12
17,1.1962990338670692,69,15
17,0.5211579521952037,14,10
17,1.1676798587269182,49,16
17,0.9370919101219275,11,9
17,1.2564124364179525,41,20
17,1.202282645191629,36,17
17,0.8703965351140283,23,12
17,1.4905175809478675,45,18
17,0.35682755337924194,7,2
17,0.7603564634379757,19,5
17,1.5255435984574863,87,26
17,0.4743106537760885,16,2
17,1.032245924356392,43,11
17,1.1495830830136151,70,22
17,1.015608566039323,66,23
17,0.4388468110475994,43,2
17,0.887325776910344,33,9
17,0.9505185501672814,21,5
17,1.1679863363801273,48,6
17,1.1060924446058384,43,6
17,0.48963453643654675,9,2
17,0.6192308012221365,21,8
17,0.7931933548532434,14,2
17,0.9646748989107523,8,35
17,0.7210981354792779,35,3
17,0.5420276209613516,4,4
17,0.9853986259372768,34,8
17,0.643165246520376,9,4
17,1.3543539378792242,39,14
17,0.6727914196639286,58,10
17,1.0583694957489826,79,16
17,0.8924483319711258,34,4
17,0.8598887298611426,39,4
17,0.7628520671855361,33,8
17,0.7117724583173419,26,5
17,1.359009479373211,33,10
17,0.8404930726651911,25,17
17,1.0774878636396497,40,11
17,1.2577259120745632,49,5
17,1.1325078994776758,34,5
17,0.44906273282123826,39,5
17,1.1531002789385394,19,27
17,0.7034391849848451,58,6
17,0.8636832150913513,38,29
17,0.7940835994649462,16,5
17,0.8101225966495591,16,5
17,0.655570294388366,38,6
17,0.7000825249735066,29,3
17,1.3025300261389507,55,8
17,1.1101934074892563,24,10
17,0.8759423212197179,11,3
17,1.0312243321790282,39,5
17,0.924540920514314,25,9
17,0.6055122776975358,26,5
17,1.0897615639419787,40,22
17,0.8248773065254861,40,4
17,0.7349771949174644,23,7
17,0.8083858899480405,14,2
17,0.8877636021292142,19,6
17,1.0123978477676079,29,6
17,1.5237922975820055,32,9
17,0.902211834351932,48,5
17,0.851861934181855,58,10
17,1.1886954692326894,130,20
17,1.6031700097631791,29,9
17,0.6513379839392871,13,6
17,0.9271678718275355,36,11
17,1.092519862820861,29,22
17,0.9871499268127577,70,12
17,0.65060827524117,36,5
17,1.1650529074136968,59,4
17,0.5172175252253716,27,19
17,1.228245680670634,42,14
17,1.0900534474212253,30,7
17,1.5145833738117682,35,11
17,0.5771995802105938,13,19
17,1.3184376757579026,31,9
17,0.652359576116651,17,7
17,0.6856342927507888,28,7
17,0.9017886033070242,39,2
17,1.2056247110290053,47,4
17,0.5294912255277006,25,14
17,0.8225276445175491,48,11
17,0.9744529954655209,39,27
17,1.3318643158032566,49,14
17,0.9430755214464873,21,9
17,1.1987800434406672,38,9
17,1.056034427915008,33,15
17,1.1782022581537661,54,11
17,0.9953372584056311,53,9
17,0.9226436778992096,37,12
17,1.0108070828057127,46,17
17,0.9581075206276988,35,7
17,1.4505149501170904,68,32
17,1.517356266864613,67,19
17,1.1303187733833246,20,15
17,1.065097409945622,19,14
17,0.7754030567931495,51,8
17,1.0175204028283897,44,9
17,1.515911443642341,57,14
17,1.374917128992163,19,27
17,0.9703666267560653,53,7
17,1.3972608093285073,44,4
17,1.1546910439004345,48,1
17,1.2533622540598233,37,18
17,0.882363757763148,18,6
17,1.0671260001263874,34,13
17,0.6252290067206587,39,7
17,1.1020206700703452,14,7
17,1.128144241462936,40,9
17,1.2723346802108668,84,6
17,0.7043148354225856,13,6
17,0.9130115230840645,15,12
17,1.2959626478558972,69,18
17,1.2463424563839371,42,10
17,1.316102607923928,57,11
17,0.4960559729799769,53,6
17,1.1919207816783668,44,6
17,0.5938369385276628,16,3
17,0.7984472574796863,58,19
17,1.5436403741707894,45,10
17,0.7501405416643369,3,6
17,0.6806722736035928,50,6
17,1.0538453018206568,23,8
17,0.7742209287021998,26,3
17,0.9803052592244197,13,5
17,0.7939230635513604,31,8
17,0.786334093090943,21,9
17,1.4975227844497914,50,19
17,0.6399691224226233,19,5
17,0.9519779675635155,23,11
17,1.3509826836939234,35,4
17,1.0415861956922903,50,4
17,0.28312697486941896,23,1
17,0.6748346040186564,30,9
17,1.0894550862887695,14,0
17,1.4303749900490594,40,10
17,0.8591590211630256,53,20
17,1.30121655048234,49,10
17,1.1741158894443107,41,7
17,0.9353406092464465,4,27
17,1.1475398986588874,37,9
17,1.1377618021041187,56,21
17,0.83026255671759,12,3
17,0.9051306691444002,5,20
17,0.4854022259874678,28,8
17,1.5332639164835649,35,25
17,0.8496728080875038,59,6
17,0.8350932282991249,30,29
17,1.1320700742588057,48,9
17,1.2238820226558942,20,15
17,0.6924935545130892,22,7
17,1.184317217043987,34,10
17,0.7460541729548813,17,8
17,1.5424728402538022,53,26
17,0.40717745354931906,37,8
17,0.8274896636647452,32,6
17,1.2867683182596223,59,9
17,1.0064142364430482,32,7
17,1.1497290247532386,66,6
17,0.9187178451033399,43,10
17,0.5975000761922105,25,3
17,1.3753695483849955,50,14
17,0.969199092839078,27,5
17,0.4451223058514061,23,7
17,0.6433111882599994,42,17
17,0.6757102544563969,34,11
17,1.25757997033494,59,12
17,0.985836451156147,18,7
17,1.5139996068532744,60,14
17,1.3835276916299444,33,8
17,1.3976986345473776,49,7
17,1.5325488019594102,36,14
17,1.5262879013295658,41,15
17,1.1379077438437422,35,7
17,0.9951767224920454,43,6
17,0.8450026724195546,21,2
17,1.0958765228321996,70,12
17,0.9680461530960531,37,14
17,1.0612883305414509,38,8
17,1.6117805724009604,49,19
17,0.6719157692261881,39,8
17,1.340182994961791,17,11
17,1.1043411437303574,48,11
17,0.9283354057445228,24,11
17,1.3876286545133623,40,17
17,0.5379558464258584,32,12
17,1.306776930761992,39,28
17,2.2425553652273087,67,29
17,0.5499084749010158,23,5
17,0.6873855936262698,13,13
17,1.2736335616935153,51,10
17,1.1128057646285152,16,9
17,0.9830635581033021,60,10
17,1.0802607566924944,33,10
17,0.7898512890158672,26,3
17,0.9756205293825082,29,8
17,1.4099577406757442,80,22
17,1.0285973808658067,36,12
17,2.041170358720963,110,28
17,0.9048387856651534,37,12
17,0.9204545518048585,9,9
17,1.3711226437619544,57,10
17,1.2021367034520056,40,18
17,1.6954197833791378,35,18
17,1.172072705089583,41,7
17,1.6030386621975181,38,14
17,1.4996973163701801,23,14
17,1.347626023682585,58,5
17,1.2171541084592548,42,23
17,1.2424166235880674,43,5
17,1.2280997389310107,55,7
17,0.9931335381373176,18,5
17,1.1247875814515975,52,12
17,0.7815326098573327,27,4
17,1.1717662274363736,61,9
17,1.4146278763436932,43,10
17,1.0043710520883202,43,14
17,1.0110989662849597,50,19
17,0.7494108329662198,24,6
17,1.3863005846827892,43,13
17,1.1698689848212693,39,11
17,0.9614641806390373,27,6
17,1.1433075882098085,36,19
17,0.8692435953710033,42,12
17,0.8874717186499674,39,3
17,1.0503572942436574,31,16
17,0.8639750985705982,42,11
17,1.2380237772254026,38,49
17,1.2171541084592548,30,10
17,0.6919243817285579,35,7
17,0.75789004803834,11,8
17,1.124043278579518,49,24
17,1.475777465245903,52,15
17,1.0236353617186107,35,16
17,1.3550836465773413,50,8
17,0.6962880397432979,17,7
17,0.8261761880081344,34,7
21,1.0948549306548356,40,27
21,1.6551544574170385,83,5
21,1.2019907617123824,31,10
21,1.2197956539464385,27,16
21,0.985836451156147,40,9
21,1.020570585186519,57,11
21,1.221094535429087,44,14
21,1.207974373036942,30,10
21,1.3080758122446403,36,10
21,1.6449239414694372,65,8
21,1.1764509572782853,15,1
21,0.930101300793966,60,12
21,0.741675920766179,14,17
21,0.9769340050391189,27,5
21,0.9481980765072691,47,12
21,1.0961684063114463,31,6
21,0.882363757763148,25,17
21,0.8902446117028122,60,19
21,1.0923739210812378,41,8
21,0.7752425208795637,25,10
21,0.6996592939285987,46,6
21,0.9216220857218458,26,23
21,1.3487935575995722,41,6
21,0.7996293855706358,22,15
21,0.9232420390316657,48,12
21,1.0532761290361257,21,7
21,1.1955547309949899,43,14
21,1.7275269660962884,67,21
21,0.8670398751026898,18,5
21,1.1110544637530344,12,20
21,0.5760320462936066,27,24
21,1.076174387983039,64,9
21,1.0064142364430482,30,6
21,1.229865633980454,78,13
21,2.285900061895462,74,15
21,1.1748310039684653,27,5
21,1.6383565631863837,53,61
21,0.7276655137623315,43,10
21,0.9356470868996557,59,9
21,1.3123081226937192,115,6
21,0.8032633348872588,28,8
21,1.2394831946216367,14,40
21,0.6701644683507072,7,12
21,1.1631702589725548,52,9
21,1.0630542255908941,73,7
21,1.0739852618886878,19,6
21,1.0221759443223766,22,4
21,1.3361112204262977,35,10
21,0.9980955572845136,32,5
21,1.1132581840213478,40,6
21,1.334359919550817,58,14
21,0.8844069421178757,21,20
21,1.292022220886065,68,11
21,1.1472480151796405,32,12
21,0.4563744139763712,26,1
21,1.1151554266364523,31,13
21,0.9133034065633113,24,6
21,1.1065302698247086,15,14
21,1.225341440052128,58,12
21,0.8280734306232388,20,9
21,0.5907721619955711,22,6
21,1.3317329682375953,23,10
21,0.8485052741705165,28,9
21,1.2262024963159064,39,15
21,1.0535534183414101,50,9
21,1.309987649033707,41,3
21,1.0100773741075957,44,8
21,1.1208325603078029,21,23
21,0.9511169112997373,1,13
21,1.342532656969728,109,7
21,0.40717745354931906,5,16
21,1.3785656724827482,17,5
21,1.2475099903009244,46,14
21,1.3794413229204887,18,21
21,1.0996710080624084,33,5
21,1.0831795914849627,68,25
21,0.7915879957173858,31,4
21,1.3066309890223686,50,11
21,1.0843617195759123,23,17
21,1.7353932258619902,96,11
21,1.0383754774205753,33,16
21,0.5969163092337167,9,4
21,0.9318380074954846,25,15
21,0.8515700507026082,25,4
21,1.0161923329978166,9,33
21,0.9859823928957704,28,14
21,1.0609964470622042,44,2
21,0.721696496611734,29,6
21,1.492852648781842,81,12
21,0.6475580928830407,45,4
21,0.8702505933744048,16,8
21,0.8906824369216825,17,16
21,1.3703929350638373,56,19
21,0.8206304019024449,30,8
21,0.6873855936262698,48,9
21,0.6436030717392462,30,4
21,1.0434834383073948,39,8
21,1.1733715865722312,26,20
21,0.7678140863327321,13,6
21,0.5820156576181664,62,3
21,0.959143706979025,67,11
21,1.063477456635802,62,21
21,0.9865807540282264,57,10
21,0.618355150784396,25,8
21,1.0067061199222949,50,10
21,1.0061223529638013,44,8
21,1.1700149265608928,38,8
21,0.6657862161620048,56,8
21,0.9055684943632705,25,8
21,1.0374998269828348,19,22
21,0.9108369911636757,21,14
21,1.5439176634760738,85,7
21,0.3511358255339289,24,9
21,1.116177018813816,40,9
21,0.6948432165210261,22,2
21,0.7622537060530801,13,5
21,0.809684771430689,32,2
21,0.5236389617688016,31,12
21,0.9365081431634338,23,10
21,0.5844966671917644,6,6
21,0.762122358487419,30,4
21,0.7364220181397362,30,0
21,1.116600249858724,24,12
21,0.9925497711788239,80,18
21,0.8959363395481253,66,20
21,0.9127196396048177,26,2
21,1.6625682977899077,51,4
21,1.0449428557036289,25,8
21,0.418852792719192,5,12
21,0.4016316674436294,17,2
21,1.099962891541655,43,3
21,0.9899228198656026,44,6
21,1.2619728166976045,38,9
21,1.2107326719158247,27,19
21,0.9961983146694092,25,8
21,0.8412227813633082,33,3
21,0.8145008488382615,23,5
21,1.3113011246903177,41,5
21,1.8296861838326766,60,24
21,1.1678258004665416,36,6
21,0.9249787457331843,41,2
21,0.9181194839708839,8,6
21,1.1412644038550805,48,25
21,0.6476894404487018,16,4
21,0.6109267162375643,11,4
21,0.8053211134159489,2,5
21,0.8229654697364194,27,13
21,0.544654572274573,42,6
21,0.9372378518615508,79,8
21,0.9786853059145998,47,8
21,1.2634176399198764,13,12
21,0.7136551067584839,20,5
21,0.9181194839708839,30,7
21,1.0142950903827124,33,5
21,0.9775323661715749,35,6
21,0.7835612000380981,53,7
21,0.7476741262647012,36,9
21,0.8998913606919198,44,12
21,0.7764246489705133,26,3
21,0.9817500824466915,41,9
21,1.1529397430249535,41,7
21,1.3422261793165187,48,11
21,0.7702805017323677,8,13
21,1.1361564429682611,34,13
21,1.069329720394701,45,16
21,1.2766983382256067,48,13
21,0.7962581313853351,31,10
21,0.4969462175916797,42,10
21,0.8407703619704756,31,8
21,0.6428733630411292,43,9
21,1.1234741057949866,58,11
21,1.18358750834587,58,14
21,0.9740151702466506,24,4
21,0.5750104541162426,29,4
21,1.1427238212513147,58,5
21,0.6668078083393687,34,6
21,1.1900235390632625,42,7
21,1.0220300025827531,63,11
21,1.066980058386764,26,16
21,1.4064697330987446,62,7
21,0.9206004935444819,26,9
21,0.9799987815712106,19,8
21,0.7031473015055982,5,14
21,0.786334093090943,21,4
21,1.1379223380177046,44,8
21,0.6889909527621273,70,1
21,0.8865960682122269,33,10
21,0.915638474397286,29,14
21,0.9679002113564297,28,7
21,0.5750104541162426,32,13
21,1.470946793664368,67,6
21,1.3807693927510618,53,13
21,1.1653447908929435,30,13
21,1.304587804667641,62,10
21,1.2927665237581445,34,4
21,0.6545487022110021,28,6
21,1.147393956919264,49,15
21,1.1021520176360062,30,11
21,1.258309679033057,75,51
21,1.2898330947917138,26,6
21,1.130464715122948,47,10
21,1.0659730603833624,42,27
21,0.8442875578953999,22,3
21,0.8858663595141099,34,16
21,1.348355732380702,36,9
21,1.0898929115076397,17,10
21,1.1576098786929028,43,20
21,1.2691093677651895,40,12
21,1.2048950023308882,32,6
21,1.492254287649386,40,16
21,0.9724098111107932,33,9
21,1.0954532917872917,23,10
21,1.3553609358826257,73,27
21,0.9762042963410018,42,14
21,1.2304348067649853,47,7
21,0.6800885066450992,33,4
21,1.1935115466402622,14,27
21,1.2950869974181567,37,31
21,0.8679155255404303,36,3
21,1.0837633584434563,36,3
21,2.148554290735869,98,16
21,0.8422297793667097,24,16
21,0.9921119459599538,30,7
21,1.0313702739186514,31,14
21,1.590633614329528,31,16
21,0.6203983351391238,51,2
21,1.23320769981783,66,18
21,0.6873855936262698,22,9
21,0.3896644447945096,43,5
21,0.8740450786046136,55,10
21,1.0903307367265098,56,3
21,1.089309144549146,47,9
21,0.2597762965296731,6,9
21,0.47693760508930994,26,4
21,1.1961384979534835,47,6
21,1.2438760409843015,31,10
21,1.222553952825321,40,9
21,1.3632563839962524,48,5
21,0.8092469462118187,13,11
21,1.0614342722810743,42,28
21,1.1879657605345724,30,23
21,1.3524421010901575,50,7
21,1.0901993891608488,33,6
21,0.8432513715440736,39,6
21,1.087718379587251,44,4
21,0.8599033240351049,23,16
21,1.184185869478326,49,7
21,1.3886356525167638,41,5
21,0.8668939333630664,40,10
21,1.05953702966597,48,7
21,2.488613138232381,64,21
21,0.5275793887386339,5,18
21,1.15441375459515,46,2
21,0.8222503552122646,17,3
21,1.5706395960011206,116,7
21,1.345145014108987,48,10
21,0.8639750985705982,18,20
21,1.4083377873659244,32,6
21,1.3861546429431657,66,18
21,1.7444416137186418,47,4
21,0.6990609327961428,20,14
21,2.153516309883065,130,19
21,1.6154437100655081,75,17
21,1.201844819972759,21,21
21,0.828379908276448,35,3
21,0.7893988696230346,45,4
21,1.2098570214780842,45,13
21,1.1025898428548766,28,7
21,0.7845973863894244,40,11
21,1.7427049070171232,49,6
21,1.3239834618635922,31,5
21,0.4334469666815332,24,17
21,1.2117542640931886,35,11
21,1.1261010571082082,25,4
21,1.1867982266175852,52,7
21,0.6398085865090375,10,1
21,1.2777199304029707,50,9
21,1.1961384979534835,38,23
21,1.5691655844309242,40,10
21,0.5310819904895957,72,16
21,0.5150283991310204,35,11
21,1.3528799263090279,62,7
21,0.9864202181146406,51,8
21,1.2005313443161483,48,3
21,1.8225350385911294,47,5
21,1.2621041642632655,49,6
21,0.8593049629026489,8,12
21,1.454309435347299,59,10
21,1.3460206645467274,21,8
21,1.3987056325507792,133,22
21,1.623616447484419,16,12
21,0.7545187938530392,8,2
21,0.7632752982304439,26,1
21,1.0745836230211439,27,7
21,1.3613445472071857,55,4
21,0.6120796559805893,39,3
21,0.8788611560121862,35,6
21,0.5982151907163652,20,10
21,1.0944316996099277,35,0
21,0.8994389412990872,33,6
21,1.4963406563588417,86,4
21,0.7047526606414558,27,16
21,0.9111142804689601,25,0
21,1.1666582665495544,32,7
21,0.8280880247972011,50,7
21,0.47563872360666154,30,6
21,0.815974860408458,21,6
21,1.2013924005799264,24,33
21,1.3387235775655568,100,9
21,0.6494407413241827,24,2
21,0.49474249732336617,8,14
21,0.9948848390127986,68,14
21,1.111638230711528,33,11
21,0.7977321429555315,52,11
21,0.6120942501545517,7,12
21,1.2246117313540112,27,8
21,0.6202523933995003,40,4
21,1.0631855731565554,54,13
21,0.6014259089880802,9,3
21,1.1208325603078029,53,17
21,0.9972199068467731,10,18
21,0.47868890596479086,6,3
21,0.544654572274573,35,8
21,0.5518057175161202,20,5
21,0.3181529923790378,9,2
21,0.5494706496821457,30,5
21,0.8777082162691612,17,4
21,1.0424764403039932,29,10
21,1.3664671022679675,41,5
21,0.5375034270330258,12,2
21,0.9843770337599129,61,9
21,0.9737232867674038,27,6
21,0.847629623732776,29,4
21,0.7858962678720728,15,6
21,1.2327844687729221,52,4
21,0.9162222413557796,53,12
21,0.6139768985956936,11,4
21,0.47169829663682944,25,6
21,0.8739137310389524,30,7
21,1.2886801550486888,44,6
21,1.0656665827301532,33,9
21,0.6608387911887712,49,3
21,1.3350750340749715,35,18
21,0.8829475247216416,26,6
21,1.0201327599676489,38,14
21,1.1322160159984291,38,8
21,0.8491036353029725,32,8
21,1.0976424178816429,44,9
21,1.137469918624872,41,10
21,0.6456608502679363,14,1
21,0.8537737709709217,79,3
21,1.7197920538962475,73,22
21,0.5442167470557028,4,8
21,0.956064336272971,15,6
21,0.519844476538593,10,4
21,0.8146467905778849,26,4
21,1.353609635007145,15,3
21,0.9162222413557796,19,11
21,1.3382857523466867,36,6
21,0.9664261997862332,46,11
21,0.7024175928074812,43,1
21,1.2571421451160696,27,13
21,0.8378515271780074,32,7
21,0.4814617990176357,17,4
21,0.6125320753734218,6,3
21,0.5777833471690875,21,5
21,0.8668939333630664,31,7
21,0.9077576204576217,42,9
21,1.102312553549592,26,9
21,0.9670099667447268,30,9
21,1.2936275800219226,47,11
21,0.7653330767591341,24,11
21,0.6221496360146047,43,3
21,0.8636832150913513,29,5
21,0.5954422976635203,13,6
21,0.8041389853249993,20,8
21,0.29363478012230465,0,4
21,1.1533775682438239,49,7
21,0.9673164443979361,25,7
21,0.894039096933021,60,5
21,1.0500508165904483,19,18
21,1.7418292565793827,73,20
21,2.140542089230544,116,14
21,0.5408746812183266,12,11
21,1.3924301377469723,57,9
21,0.4363658014740014,23,1
21,0.7006662919320003,41,4
21,0.8010742087929076,18,1
21,0.7879394522268005,30,4
21,1.3301130149277756,38,4
21,0.9912362955222133,32,10
21,0.7828314913399811,18,8
21,1.3496838022112752,43,11
21,0.9134639424768971,31,3
21,1.6415672814580988,44,8
21,0.7021257093282344,28,9
21,0.7968418983438287,19,25
21,1.165797210285776,24,0
21,0.6735211283620457,9,34
21,1.3143513070484472,62,9
21,0.504958419097005,36,2
21,0.26999221830331194,4,6
21,0.3496764081376948,27,2
21,1.2057706527686287,43,24
21,0.7734912200040828,37,7
21,0.6485650908864422,21,8
21,0.9325677161936017,25,19
21,0.7289789894189421,29,7
21,1.2590539819051363,17,21
21,0.7691129678153804,30,7
21,0.6098905298862382,29,14
21,1.1552894050328906,31,16
21,0.622587461233475,26,2
21,1.2623960477425125,39,10
21,1.1806686735534018,11,10
21,0.9983874407637604,33,9
21,0.8547953631482855,9,8
21,0.7842909087362152,18,4
21,1.1138419509798416,69,18
21,0.7701345599927443,16,8
21,0.9734459974621194,32,6
21,0.958545345846569,25,9
21,1.1161624246398538,31,8
21,1.5852191757894996,48,16
21,0.9818960241863149,41,5
21,0.4338847919004034,1,4
21,0.9197248431067414,51,13
21,0.9067360282802578,30,11
21,0.6897206614602444,33,9
21,1.3395992280032973,53,26
21,1.4282004581286707,74,20
21,1.3558133552754583,73,8
21,1.0821725934815611,31,12
21,1.4182764198342785,29,37
21,0.756561978207767,35,15
21,1.2015383423195498,43,10
21,0.9897914722999415,10,17
21,0.5979233072371183,32,21
21,0.688845011022504,36,6
21,0.5878533272031029,17,4
21,1.1625718978400987,31,17
21,1.2202188849913465,35,6
21,1.3102649383389915,38,9
21,0.6082851707503806,36,2
21,0.6208361603579939,43,11
21,1.213359623229046,16,19
21,0.8917040290990463,46,9
21,0.6936610884300765,36,6
21,0.6012799672484568,10,5
21,1.2837035417275307,28,5
21,0.9975263844999823,23,7
21,0.808531831687664,2,9
21,0.9382740382128771,25,4
21,1.0678703029984669,19,13
21,0.7823936661211109,15,12
21,1.358279770675094,52,10
21,1.3981364597662478,60,8
21,1.069461067960362,26,7
21,0.8009282670532842,19,4
21,0.8304084984572134,43,6
21,1.4779519971662918,30,49
21,1.2393518470559757,2,27
21,1.254077368583978,29,6
21,1.548456451578362,71,12
21,0.8314300906345773,24,29
21,1.2386221383578586,53,8
21,0.8917040290990463,33,6
21,1.2861845513011285,25,15
21,1.0646449905527895,52,12
21,1.318583617497526,77,26
21,0.9328595996728485,27,28
21,0.9105305135104665,11,4
21,1.4083377873659244,43,3
21,0.7775921828875006,16,5
21,1.1542678128555266,36,8
21,0.7518918425398178,19,5
21,1.0363468872398098,10,10
21,0.5354602426782981,14,9
21,1.0408564869941732,13,20
21,1.3492313828184426,59,7
21,0.6627360338038756,37,5
21,0.6780453222903714,34,22
21,0.7425661653778818,15,10
21,1.1968682066516005,34,12
21,0.8835458858540977,14,7
21,1.0423304985643698,20,13
21,1.4159267578263417,48,21
21,0.426894182572442,48,8
21,1.1981816823082112,20,9
21,0.27772713050335274,3,2
25,0.6545487022110021,24,7
25,0.7953824809475946,19,7
25,0.8612022055177533,18,12
25,0.9165287190089887,28,7
25,0.6932232632112063,30,10
25,1.5026307453366108,17,13
25,0.9417620457898767,11,6
25,0.5682971340935657,21,17
25,1.5249598314989927,55,9
25,1.5703477125218739,58,4
25,1.1748310039684653,45,9
25,1.7247540730434436,32,10
25,1.5920784375517998,30,10
25,0.9135952900425581,17,11
25,1.029764914782794,33,7
25,1.014878857341206,27,7
25,1.1713429963914659,27,18
25,1.3930284988794284,13,13
25,0.9400253390883581,26,1
25,1.2942259411543786,28,10
25,1.4312652346607624,23,21
25,1.2359951870446373,25,7
25,1.262250106002889,15,9
25,1.0302173341756267,25,7
25,1.2209485936894635,54,4
25,1.2254873817917515,27,2
25,0.9427836379672405,18,8
25,0.8917040290990463,8,8
25,1.3991434577696493,18,11
25,1.4807248902191366,37,5
25,1.8184340757077115,23,6
25,0.7107362719660156,16,7
25,1.1939493718591323,32,13
25,1.2390453694027665,25,10
25,0.729270872898189,26,4
25,1.069752951439609,33,8
25,0.9583994041069456,16,12
25,0.9713882189334292,40,4
25,1.3998877606417288,51,9
25,0.842244373540672,12,17
25,1.865587851780036,37,21
25,1.151932745021552,4,13
25,0.8295474421934352,51,4
25,1.621558668955729,42,44
25,0.5634810566859931,20,4
25,1.3712685855015776,36,12
25,1.0183814590921678,23,13
25,0.6266738299429304,5,13
25,0.8911202621405527,10,4
25,0.8203531125971604,11,14
25,1.1355726760097675,27,6
25,1.4947352972229841,58,23
25,0.888055485608461,30,13
25,0.5005801669083026,17,3
25,1.8931708405688608,27,2
25,0.7656249602383809,9,6
25,0.8476442179067384,19,9
25,1.4595779321477043,44,35
25,0.8817799908046544,12,7
25,1.0693151262207385,15,25
25,1.1922126651576137,30,20
25,0.9087792126349855,76,2
25,0.7189090093849267,13,9
25,0.9239571535558204,9,8
25,0.9160908937901185,27,4
25,1.540283714159451,31,6
25,0.806182169679727,16,6
25,1.4138981676455764,7,8
25,1.0628936896773085,32,12
25,0.9042550187066598,20,16
25,0.9319839492351081,31,18
25,1.4271642717773445,24,29
25,0.9872958685523812,26,10
25,0.7454704059963877,18,3
25,1.1662350355046465,29,1
25,0.8019498592306481,16,3
25,0.9890471694278621,15,3
25,0.45139780065521284,4,2
25,1.2294132145876213,22,23
25,1.2691093677651895,42,4
25,0.6866704791021151,13,23
25,1.1087193959190598,12,5
25,0.9346109005483294,26,9
25,0.5750104541162426,6,1
25,1.4150511073886012,15,2
25,1.6418591649373455,26,6
25,0.751599959060571,18,12
25,0.936945968382304,11,2
25,1.2301429232857384,17,13
25,1.0665422331678938,16,6
25,1.1869441683572086,22,11
25,1.2704374375957626,19,9
25,0.908925154374609,9,6
25,0.529768514832985,7,3
25,1.0255471985076774,5,7
25,1.5694720620841334,15,3
25,1.6821244908994448,17,5
25,0.8274896636647452,7,3
25,1.1333835499154163,10,11
25,1.2783036973614643,7,1
25,1.0614342722810743,20,12
25,0.7521837260190647,20,1
25,1.1018601341567595,23,8
25,0.9499347832087877,15,11
25,1.1263783464134927,16,7
25,1.508891645966455,26,4
25,0.788085393966424,8,1
25,1.270714726901047,43,15
25,1.171474343957127,15,3
25,2.6039071125348765,61,12
25,0.7663400747625356,9,6
25,1.2396291363612602,25,5
25,1.0261163712922088,15,5
25,1.0440817994398506,24,6
25,0.8987238267749325,8,7
25,1.1981816823082112,19,16
25,0.6564459448261065,11,5
25,1.4505149501170904,33,14
25,1.038959244379069,4,3
25,1.0844930671415733,21,14
25,0.5659620662595911,12,2
25,0.7616699390945865,12,3
25,0.6392248195505439,4,4
25,0.9405945118728893,13,7
25,0.5284550391763743,10,2
25,1.3867384099016593,36,16
25,0.9835159774961347,15,10
25,0.973431403288157,25,6
25,1.2377318937461559,18,4
25,0.7476595320907389,11,7
25,1.412307402683681,18,11
25,0.6644727405053942,8,2
25,1.498106551408285,17,10
25,0.6419977126033887,11,6
25,0.7542415045477547,17,6
25,0.3647084073189062,6,1
25,1.1396590447192232,25,12
25,0.6333871499656074,5,3
25,0.9992630912015009,13,4
25,0.6114958890220956,8,0
25,1.0385214191601988,5,15
25,1.0877037854132885,15,5
25,1.0318080991375218,21,2
25,0.9769340050391189,21,10
25,1.1599595407008396,23,5
25,1.435789428589088,62,0
25,1.3973921568941685,22,4
25,1.673951753480534,15,3
25,0.7761181713173042,25,19
25,0.6329493247467372,9,7
25,1.1265242881531161,16,8
25,1.2390453694027665,52,9
25,1.3492313828184426,23,18
25,1.7232946556472095,34,29
25,0.4579797731122287,53,8
25,1.0913669230778362,20,22
25,1.450967369509923,10,10
25,0.32107182717150606,43,8
25,0.499996399949809,17,3
25,1.1678258004665416,5,7
25,0.9881715189901216,25,17
25,1.5163492688612115,26,6
25,0.884713419771085,20,25
25,1.2891033860935968,37,12
25,2.064360501147123,46,28
25,1.7265053739189244,62,29
25,1.4464431755815972,29,10
25,0.86311404230682,16,3
25,1.8600420656743464,53,14
25,1.2078284312973189,12,9
25,1.1783336057194271,8,13
25,1.1179137255153346,36,18
25,1.0430602072624868,11,6
25,1.8047301463570733,19,21
25,1.1971600901308475,17,6
25,1.3368409291244148,34,12
25,1.221692896561543,14,20
25,1.1367548041007172,13,15
25,1.9452574474404565,22,15
25,1.0627623421116474,21,31
25,1.522916647144265,31,27
25,2.057647181124446,95,30
25,1.2359805928706749,30,10
25,1.6092995628273625,73,30
25,1.0011749279905675,12,22
25,1.8041463793985795,94,58
25,0.9211842605029755,4,17
25,1.1463723647419,28,25
25,1.528739722555239,35,18
25,1.1630243172329313,11,14
25,0.7959662479060882,5,9
25,1.6396700388429943,28,13
25,1.279909056497322,15,14
25,0.8842755945522147,12,9
25,1.3162631438375139,13,29
25,1.2232836615234381,29,4
25,1.2044717712859803,12,31
25,1.176144479625076,8,5
25,1.1215768631798824,18,20
25,1.0731096114509473,38,15
25,0.3385848359263155,31,15
25,0.31231532279410135,35,24
25,1.6167425915481564,38,3
25,1.3038435017955614,42,9
25,1.3126000061729661,27,20
25,1.2952329391577801,42,33
25,1.3701156457585528,11,12
25,1.4784044165591244,42,18
25,1.2340979444295328,13,7
25,1.4519889616872867,29,35
25,0.5020395843045368,25,9
25,1.1135354733266323,18,25
25,0.8187331592873405,9,5
25,0.9532914432201262,12,13
25,1.2874980269577394,20,10
25,0.7078174371735475,28,25
25,0.5887435718148057,7,3
25,1.3644093237392774,47,11
25,1.8543503378290334,60,15
25,1.4637956484228207,37,19
25,1.0779256888585198,12,30
25,1.0852227758396904,18,8
25,0.9477456571144365,14,10
25,0.5628972897274995,12,17
25,1.6730906972167556,4,15
25,1.6091682152617013,29,19
25,0.866747991623443,15,4
25,0.7858962678720728,6,23
25,0.8029860455819743,13,27
25,1.4518430199476633,18,7
25,0.8064740531589738,12,15
25,0.8527375846195954,15,19
25,1.187688471229288,34,11
25,1.4182618256603163,12,9
25,0.46628385809680084,51,10
25,0.7297086981170592,32,3
25,1.2549530190217184,30,13
25,1.0373538852432114,26,5
25,0.5789508810860748,30,8
25,0.5567823308372786,7,8
25,0.6368897517165693,25,11
25,1.6227262028727163,29,9
25,0.8615086831709625,29,11
25,1.2418182624556113,20,10
25,0.7316205349061259,12,8
25,1.4909554061667378,33,11
25,0.6052203942182889,21,21
25,1.291292512187948,31,11
25,1.0601207966244637,10,7
25,0.7171723026834081,18,2
25,1.2155633434973596,17,16
25,1.0226283637152092,34,7
25,0.8175656253703532,25,26
25,0.8158143244948722,18,10
25,0.8454404976384248,6,13
25,1.1228757446625308,13,14
25,1.1732402390065702,44,1
25,1.3521502176109108,28,12
25,0.9613182388994138,9,18
25,1.5735438366196266,30,19
25,1.075021448240014,22,33
25,1.0914982706434972,32,7
25,1.473296455672305,34,16
25,0.5239308452480486,35,4
25,1.2713130880335028,29,6
25,0.9063127972353499,25,18
25,0.8435432550233205,32,16
25,1.3598851298109516,19,9
25,1.1022979593756297,23,5
25,1.2113310330482807,18,11
25,0.9605885302012968,18,13
25,1.3013624922219633,42,12
25,0.8282193723628622,31,2
25,0.9332974248917187,28,8
25,1.1474085510932264,9,14
25,0.8593049629026489,25,16
25,0.6333871499656074,15,13
25,0.8845528838574992,52,8
25,0.285607984443017,0,0
25,1.5693115261705475,56,6
25,0.8572617785479212,35,9
25,0.7667778999814059,22,14
25,1.052094000945176,18,38
25,1.2263484380555298,9,7
25,0.6240468786297091,57,9
25,0.9500953191223734,30,9
25,0.6542714129057177,56,6
25,0.7867719183098133,7,13
25,0.6330952664863606,15,10
25,0.853190004012428,21,13
25,1.2612431079994875,34,17
25,1.0805526401717414,38,4
25,1.1193877370855312,46,14
25,0.8019644534046104,7,17
25,0.5001423416894324,11,8
25,1.0302027400016642,37,39
25,0.8199006932043278,22,3
25,1.506410636392857,13,20
25,0.9605885302012968,14,11
25,0.9265841048690419,7,19
25,0.9535979208733354,45,34
25,0.8623697394347406,8,13
25,0.8696814205898735,15,18
25,2.0774806635392675,5,11
25,0.5115257973800585,6,17
25,0.9057144361028939,26,12
25,1.1741158894443107,76,10
25,0.2602141217485433,17,6
25,1.1758671903197915,6,11
25,0.8222357610383023,10,18
25,0.6825695162186972,6,8
25,1.2910152228826635,43,11
25,1.6298773481142634,46,12
25,0.8863041847329801,16,7
25,0.8423757211063332,8,10
25,0.8991470578198404,7,16
25,0.49474249732336617,3,4
25,0.8582979648992474,14,17
25,0.674688662279033,21,7
25,0.8134938508348599,11,13
25,0.7758262878380574,5,1
25,1.020439237620858,19,17
25,1.2658986494934743,34,3
25,0.8854285342952397,38,15
25,1.7209595878132349,35,41
25,1.4101036824153677,29,17
25,1.2164243997611377,15,4
25,1.4043973603960922,43,10
25,1.2065003614667458,24,15
25,0.6472662094037939,6,19
25,0.6360141012788288,8,13
25,0.9718260441522995,8,22
25,0.7662087271968745,8,24
25,0.9217680274614692,31,0
25,0.8664561081441962,11,12
25,1.59457404129936,28,7
25,1.1698835789952318,24,16
25,1.0534074766017867,21,4
25,1.5675748194690289,42,38
25,0.8044308688042461,11,19
25,0.8563861281101807,18,5
25,1.0083114790581524,22,4
25,1.877992899648026,24,8
25,0.2749542374505079,0,1
25,1.159507121308007,23,6
25,1.2146730988856569,36,8
25,1.545975442004764,35,17
25,0.9017740091330618,13,2
25,1.7009655694848274,69,31
25,1.1441978328215112,27,14
25,1.2669348358448005,35,6
25,1.1806686735534018,17,7
25,0.36193551426606135,9,9
25,0.815376499276002,9,14
25,1.1500209082324853,36,9
25,0.9388432109974084,14,28
25,1.2742173286520089,35,7
25,1.3436855967127528,53,20
25,1.258309679033057,40,8
25,1.2686861367202815,18,29
25,1.2196351180328528,18,24
25,1.2947951139389098,31,17
25,0.8892376136994107,13,8
25,0.6652170433774736,10,10
25,1.183164277300962,7,6
25,1.143760007602641,21,23
25,0.7034391849848451,12,9
25,0.9007524169556979,19,9
25,0.754080968634169,34,8
25,0.9044009604462832,6,17
25,1.713224675613194,16,14
25,0.9083559815900777,0,14
25,1.0433374965677713,34,2
25,1.2472181068216777,27,13
25,2.004524387901524,22,29
25,2.373450511495547,68,11
25,1.1025898428548766,29,12
25,0.5220336026329442,11,3
25,1.3758073736038658,41,9
25,1.3480784430754176,25,16
25,1.2286835058895043,33,8
25,1.1904467701081705,5,10
25,1.129005297726714,34,13
25,1.3898177806077134,21,10
25,0.8934699241484897,7,3
25,1.2176065278520873,44,10
25,0.6943907971281935,37,10
25,1.2802009399765688,50,8
25,1.0405646035149265,8,9
25,1.901051694508525,27,12
25,1.3339075001579843,17,39
25,0.8593195570766113,23,10
25,0.6733751866224222,30,1
25,0.6376340545886487,3,12
25,1.1209930962213888,17,4
25,1.2718822608180342,16,11
25,0.9954686059712922,32,16
25,1.2119148000067743,26,7
25,0.30501823581293075,3,2
25,0.6202523933995003,23,6
25,1.2676499503689553,24,13
25,0.9093629795934792,11,36
25,1.0716501940547132,8,8
25,0.8295328480194729,8,13
25,1.5602777324878583,43,22
25,1.558088606393507,26,15
25,1.0121205584623234,27,9
25,0.9763502380806253,53,5
25,1.341511064792364,15,27
25,0.9509563753861516,22,4
25,0.7092768545697816,45,7
25,1.063477456635802,23,3
25,0.8254464793100174,48,7
25,1.1543991604211876,39,4
25,1.6942376552881881,6,19
25,1.026554196511079,52,10
25,1.0043710520883202,29,7
25,1.0299108565224173,8,10
25,1.73451757542425,43,18
25,1.8425144627455745,38,8
25,1.6217046106953523,98,55
25,1.9254093708516724,19,6
25,0.7507243086228306,12,10
25,1.770579779285195,75,25
25,0.7851665591739557,24,17
25,1.0509264670281886,32,21
25,0.8231114114760428,27,1
25,0.8177115671099766,7,9
25,1.708394004031659,35,13
25,1.3275006577885164,27,6
25,1.1649069656740734,23,11
25,1.0309324486997813,20,6
25,1.4264345630792274,38,36
25,0.7615385915289253,10,16
25,0.9242636312090295,13,3
25,1.7600719740323092,24,10
25,0.2510197921522684,1,1
25,1.1252108124965052,20,4
25,0.8860123012537333,9,2
25,1.4540321460420145,36,15
25,1.619676020514587,62,24
25,0.975912412861755,26,10
25,1.2097256739124231,32,4
25,0.3400442533225496,6,8
25,1.2048950023308882,18,5
25,0.8410622454497224,8,12
25,1.0732555531905708,30,7
25,1.1609665387042412,18,11
25,0.8593049629026489,13,24
25,1.4189915343584334,26,13
25,0.8943309804122678,33,2
25,1.045979042054955,24,5
25,0.812895489702404,22,6
25,0.835822936997242,3,4
25,2.0325306077352567,36,12
25,0.6713320022676945,6,5
25,0.6004043168107164,17,20
25,0.7794748313286427,17,3
25,0.7190549511245502,26,8
25,1.0147329156015825,49,9
25,0.8880700797824235,9,7
25,1.1738240059650638,28,13
25,0.44074405366270375,34,12
25,0.6812560405620864,13,16
25,0.803701160106129,21,5
25,0.39112386219074374,4,6
25,0.6313439656108797,3,13
25,0.5195525930593462,24,3
25,1.1290198919006764,12,17
25,1.1977584512633033,21,10
25,1.3142053653088237,28,1
25,0.7162820580717053,23,15
25,0.6687050509544731,25,2
25,1.1202487933493093,21,11
25,0.7983013157400628,11,16
25,1.95780843704807,15,3
25,0.7022716510678578,13,9
25,0.8683679449332629,33,9
25,0.5777833471690875,39,6
25,1.3334842691130764,28,19
25,0.9480521347676457,31,7
25,1.3423867152301046,21,5
25,0.9100926882915963,14,0
25,0.8715640690310156,14,17
25,1.3699697040189294,38,5
25,1.588444488235177,48,19
25,1.521165346268784,26,5
25,1.0805672343457036,13,34
25,0.8168359166722361,9,8
25,0.652359576116651,16,6
25,0.7822477243814875,2,6
25,1.128275589028597,40,15
25,0.7705723852116145,14,18
25,1.1498895606668242,18,4
25,1.0446655663983444,17,8
25,1.1713284022175035,20,3
25,0.6560227137811986,8,17
25,0.4960559729799769,36,5
25,1.201844819972759,72,6
25,0.4137448318323726,16,7
25,1.7177342753675575,17,9
25,0.7752425208795637,6,13
25,0.9668640250051035,21,9
25,0.28166755747318484,5,1
29,1.0504886418093184,39,36
29,0.8085172375137016,7,15
29,0.7866259765701898,7,10
29,0.8527375846195954,26,16
29,0.2762677131071186,7,5
29,0.33916860288480916,23,12
29,0.5042433045728503,21,11
29,1.228245680670634,48,1
29,0.5284550391763743,13,4
29,0.739924619890698,33,30
29,1.3737495950751757,58,20
29,0.7048986023810793,11,4
29,0.5633351149463697,14,9
29,2.3987130266243595,65,11
29,1.0598435073191792,29,6
29,1.2845937863392334,62,18
29,0.6697266431318369,47,26
29,0.4762078963911929,24,12
29,0.6122255977202127,13,33
29,1.389511302954504,41,20
29,0.8085172375137016,8,10
29,0.4703702268062564,30,18
29,0.7718858608682253,24,9
29,1.0858065427981842,54,6
29,1.3034056765766913,89,30
29,0.9725557528504165,32,13
29,0.490670722787873,12,9
29,0.7462001146945048,10,16
29,1.0363322930658476,29,17
29,0.6030312681239377,9,19
29,0.7942149470306072,33,2
29,1.2832657165086603,39,13
29,0.3969615317756802,7,4
29,1.0605732160172963,33,11
29,1.0722339610132068,7,8
29,0.33449846721685994,15,7
29,1.2958167061162738,17,7
29,1.6951278998998909,25,14
29,1.3108632994714475,38,13
29,0.5918083483468973,44,13
29,0.7701345599927443,4,6
29,0.6152903742523044,7,4
29,0.7189090093849267,18,10
29,1.3331777914598673,35,12
29,0.6863640014489059,20,15
29,1.0364782348054709,20,21
29,0.6945513330417793,33,6
29,1.0129816147261017,32,16
29,0.7688356785100959,49,16
29,1.2694158454183986,9,25
29,0.4556447052782541,9,2
29,0.7885378133592565,27,29
29,0.8104290743027683,51,9
29,0.9687612676202079,24,14
29,0.7972797235626989,24,6
29,0.7561241529888968,45,15
29,0.7302924650755529,22,4
29,0.9521239093031388,35,25
29,0.9725557528504165,26,20
29,0.4979532155950812,11,10
29,1.0751673899796375,38,21
29,0.9823484435791475,19,22
29,1.11719861099118,35,11
29,0.7469444175665841,8,3
29,0.6834597608304,12,11
29,0.8814881073254075,10,10
29,0.6656402744223814,16,9
29,0.896096875461711,34,12
29,1.3968229841096371,51,21
29,1.2031582956293696,35,15
29,1.3501216274301453,18,10
29,0.5881452106823497,26,3
29,0.7043294295965479,18,7
29,0.7082552623924177,8,9
29,1.1955547309949899,29,23
29,1.3378625213017787,43,11
29,0.8747747873027306,14,3
29,1.0539912435602803,26,7
29,0.5431951548783389,10,8
29,0.6272721910753865,13,5
29,0.7488270660077262,33,16
29,0.7877935104871772,25,9
29,0.5693187262709296,36,1
29,0.44950055804010847,9,1
29,0.9893390529071089,55,21
29,0.8206304019024449,24,0
29,0.5685890175728125,6,0
29,0.6317817908297498,21,6
29,1.0989412993642913,7,5
29,0.6206902186183706,4,4
29,0.7000825249735066,10,7
29,1.1328143771308852,69,9
29,0.8415000706685927,30,17
29,0.6879693605847634,20,6
29,2.117191410890798,80,20
29,0.4248364040437519,30,8
29,0.6144147238145639,17,9
29,1.9854206141848194,13,47
29,0.625068470807073,23,12
29,1.5334244523971505,11,15
29,1.5436403741707894,18,39
29,0.8045768105438695,18,26
29,1.2190659452483215,30,15
29,1.1513343838890961,30,8
29,0.5753023375954895,44,14
29,1.903094878863253,107,21
29,0.7213900189585247,18,30
29,0.6687196451284354,12,9
29,1.3145118429620328,23,13
29,1.0752987375452985,15,9
29,0.8310068595896694,10,20
29,0.727519572022708,12,18
29,1.0522399426847995,14,12
29,0.5849344924106347,11,4
29,0.903963135227413,22,7
29,0.8069118783778441,19,23
29,0.6484191491468189,7,14
29,0.8998767665179574,75,15
29,0.996358850582995,33,22
29,1.1223065718779994,9,16
29,1.3318789099772188,35,17
29,0.8968119899858658,30,18
29,0.9881715189901216,15,7
29,1.370976702022331,17,13
29,0.9334433666313422,15,25
29,1.0772105743343652,23,5
29,0.7422596877246727,15,9
29,1.509781890578158,6,10
29,0.8820718742839012,3,11
29,0.9764961798202486,28,14
29,0.8632599840464434,5,9
29,1.733802460900095,8,6
29,1.0008684503373584,37,28
29,2.3801638315182236,25,33
29,1.4249751456829933,41,23
29,0.5678593088746955,15,5
29,0.6449311415698192,13,15
29,1.2232836615234381,30,6
29,0.8990011160802169,27,6
29,0.8041389853249993,14,10
29,0.9254165709520545,14,4
29,0.9613328330733761,16,16
29,0.5696252039241387,3,11
29,0.887194429344683,18,8
29,1.0261163712922088,27,19
29,0.8830934664612651,3,20
29,0.9319839492351081,10,20
29,0.8887851943065781,4,6
29,0.5261199713423997,10,16
29,0.6269657134221773,21,6
29,1.043498032481357,12,9
29,1.013725917598181,10,5
29,0.5245292063805045,7,3
29,0.5866857932861156,59,8
29,0.994301072054305,12,17
29,0.8552185941931935,20,19
29,0.8423757211063332,47,22
29,2.1648997655736912,36,10
29,1.0467087507530721,22,10
29,0.6862180597092825,9,6
29,0.6249371232414118,36,13
29,0.4694945763685159,12,9
29,1.2329158163385832,36,13
29,1.0004306251184882,48,21
29,1.498237898973946,14,13
29,1.4719683858417318,50,13
29,0.591064045474818,28,18
29,0.7809488428988391,12,16
29,2.239052763476347,33,49
29,1.2545297879768105,67,13
29,0.9421998710087469,35,3
29,0.7364220181397362,39,17
29,0.6402464117279077,11,6
29,0.6938070301696999,19,8
29,0.5375034270330258,4,5
29,0.8924337377971634,5,16
29,0.692785437992336,17,11
29,0.7426975129435429,15,7
29,1.7251918982623138,42,19
29,0.734232892045385,38,6
29,1.3810466820563463,22,6
29,0.6954123893055575,8,3
29,1.0493211078923312,54,13
29,0.98716452098672,19,8
29,0.7460541729548813,33,10
29,0.9481980765072691,5,15
29,1.5262733071556034,45,20
29,1.1806686735534018,15,18
29,0.8934699241484897,26,7
29,0.9435133466653576,38,4
29,1.122291977704037,16,10
29,0.9862888705489796,15,17
29,1.258309679033057,23,11
29,0.6015718507277036,9,18
29,0.9420539292691235,34,11
29,1.1797930231156613,62,7
29,1.0901847949868866,33,17
29,0.9648354348243381,24,9
29,0.8452945558988014,12,22
29,0.50816913736872,8,3
29,1.7813794680173274,26,11
29,1.0652433516852453,13,20
29,0.5916478124333117,12,16
29,1.0812969430438206,33,19
29,0.9789771893938467,5,9
29,0.47752137204780354,9,8
29,1.3800250898789823,51,33
29,1.5175022086042365,37,34
29,0.9106910494240522,10,9
29,0.6352843925807118,14,8
29,0.4087974068591389,7,4
29,1.1189353176926986,39,13
29,0.7895448113626581,22,34
29,2.021584977263501,63,50
29,0.5837669584936473,6,3
29,1.2748010956105025,25,22
29,0.8366985874349825,13,7
29,0.6355762760599586,8,9
29,1.8960750811873668,19,16
29,0.982625732884432,29,9
29,1.213359623229046,20,20
29,0.7746587539210701,10,20
29,1.511372655540053,14,10
29,1.0288892643450536,5,4
29,1.4204655459286297,41,17
29,0.449223268734824,54,5
29,0.8826702354163571,18,28
29,0.8155224410156254,20,10
29,0.631489907350503,13,8
29,1.6085698541292455,8,10
29,1.0180895756129211,51,8
29,1.099525066322785,16,11
29,0.3975452987341739,20,12
29,0.7804964235060066,13,9
29,0.537211543553779,25,15
29,1.094271163696342,20,25
29,0.6939529719093234,9,9
29,0.8524457011403486,17,13
29,0.8867420099518504,10,6
29,1.6142615819745585,44,19
29,0.6374881128490253,11,6
29,0.9216220857218458,9,15
29,0.7777235304531617,11,7
29,1.1695771013420224,9,4
29,0.4102422300814107,28,19
29,1.0202787017072723,28,17
29,0.5999664915918461,16,9
29,1.3946192638413235,9,27
29,0.9134493483029348,9,8
29,1.4487782434155718,71,2
29,0.9273138135671589,20,20
29,1.341934295837272,32,18
29,0.6895893138945833,35,21
29,0.9470159484163194,11,19
29,2.080705975984945,11,32
29,0.9327136579332251,27,7
29,1.0417321374319137,36,23
29,1.2186135258554889,25,24
29,0.7851665591739557,17,21
29,1.3126146003469286,43,11
29,1.3034202707506535,40,11
29,0.7008122336716237,15,13
29,0.7413840372869321,28,29
29,1.4881679189399306,25,14
29,0.8254464793100174,25,14
29,1.710437188386387,70,20
29,1.8204772600624393,35,22
29,0.623317169931592,7,5
29,0.7549566190719095,24,11
29,1.0528383038172553,22,7
29,0.3403361368017964,13,15
29,1.014878857341206,39,10
29,0.9128655813444411,6,13
29,0.8623697394347406,20,4
29,0.36033015513020383,11,10
29,0.9792690728730935,26,30
29,0.6891514886757131,16,18
29,1.116177018813816,34,7
29,0.8765260881782115,1,8
29,0.7850352116082947,44,17
29,0.9610409495941293,20,3
29,1.1425924736856536,7,12
29,0.8613481472573767,22,7
29,0.9330055414124719,24,19
29,1.0318080991375218,64,10
29,0.9744529954655209,60,18
29,1.257156739290032,19,13
29,1.3831044605850364,43,36
29,0.8282193723628622,12,8
29,1.0420240209111606,5,10
29,1.3864465264224126,49,17
29,2.8668941273362645,28,19
29,0.8470458567742823,39,15
29,0.3936048717643417,28,6
29,1.6389403301448773,4,10
29,1.1660744995910606,19,4
29,0.5780752306483343,30,15
29,1.0357485261073538,38,9
29,1.4401530866038281,58,20
29,1.3981364597662478,47,19
29,0.9954686059712922,35,15
29,0.9449727640615917,20,15
29,0.9134493483029348,27,14
29,1.180376790074155,35,18
29,1.021898655017092,19,2
29,1.3680578672298627,16,16
29,1.0929576880397314,16,11
29,0.7618158808342098,6,6
29,0.9769485992130812,11,3
29,1.4695019704420962,29,8
29,1.160528713485371,20,33
29,1.7835685941116786,14,7
29,0.8733153699064965,15,6
29,0.5763239297728534,23,7
29,0.9274743494807446,16,23
29,0.4248364040437519,16,9
29,1.826752754866246,61,9
29,1.6682746198091831,22,12
29,1.2470721650820542,35,15
29,0.7924636461551263,23,18
29,1.08596707871177,9,6
29,0.7321897076906573,12,3
29,1.43168846570567,42,26
29,0.915215243352378,34,25
29,1.0558884861753848,19,19
29,1.0513788864210212,34,14
29,1.1606892493989567,32,7
29,1.0833255332245861,41,13
29,1.0516561757263057,31,5
29,1.2407966702782476,33,29
29,1.2672267193240474,26,32
29,0.9006064752160745,16,16
29,0.7768478800154213,46,10
29,1.388942130169973,43,4
29,0.7926095878947498,5,8
29,0.62579817950519,17,8
29,0.8146467905778849,40,6
29,0.43811710234948237,13,8
29,1.7152532657939594,75,30
29,1.7193542286773773,11,9
29,0.5416043899164437,16,5
29,0.5243686704669187,4,7
29,1.3244358812564248,80,5
29,0.7351231366570878,20,1
29,0.48687623755766424,22,9
29,0.726789863324591,30,4
29,0.9048387856651534,48,14
29,1.5344460445745145,20,16
29,0.9373837936011743,29,9
29,0.4433710049759252,20,5
29,0.9754745876428847,18,8
29,1.7121884892618677,33,10
29,0.6818398075205802,36,10
29,1.124772987277635,65,13
29,0.4481870823834978,31,28
29,0.5945666472257799,17,6
29,0.9084873291557387,27,14
29,0.7313140572529168,17,8
29,1.3194592679352666,92,5
29,1.0786553975566369,34,7
29,0.46424067374207306,23,6
29,1.093410107432564,37,9
29,0.49576408950073003,8,8
29,0.443662888455172,17,4
29,1.195262847515743,36,13
29,1.5376421686722672,74,11
29,0.5335630000631937,18,10
29,0.9150693016127546,22,25
29,0.7453390584307267,13,10
29,0.9306850677524596,30,12
29,0.477667313787427,11,7
29,1.1130976481077621,20,22
29,1.0119746167227002,45,29
29,1.279485825452414,39,17
29,0.9370919101219275,23,14
29,0.5866857932861156,14,3
29,0.5172175252253716,10,11
29,1.044650972224382,24,14
29,1.0678703029984669,52,4
29,0.8960822812877487,3,14
29,1.2893952695728437,28,18
29,0.4706621102855032,17,9
29,1.1025898428548766,31,26
29,1.5890282551936705,9,8
29,0.5896046280785838,13,16
29,0.46409473200244966,12,6
29,1.129297181205961,52,13
29,1.1055086776473446,23,6
29,0.9738692285070273,22,10
29,0.7574376286455075,27,8
29,0.5147365156517736,12,12
29,0.7186171259056799,19,7
29,0.7359841929208659,30,7
29,0.6303223734335157,14,7
29,1.0462563313602395,11,6
29,0.33785512722819844,13,10
29,0.5020395843045368,28,6
29,0.5820156576181664,41,21
29,0.9808890261829134,22,4
29,2.6911802728296768,105,41
29,0.5046665356177582,14,6
29,0.47328906159872464,8,10
29,0.7520377842794412,21,13
29,0.6904503701583614,17,12
29,0.5882911524219732,25,14
29,0.7720318026078486,19,10
29,0.9595669380239329,14,9
29,1.1269621133719863,70,12
29,0.3721514360397002,15,15
29,1.3985742849851182,42,18
29,0.999992799899618,14,7
29,1.0665422331678938,7,13
29,0.903233426529296,27,15
29,0.8692290011970409,30,12
29,0.9861283346353938,37,9
29,0.7116119224037561,5,14
29,0.6396626447694141,9,6
29,1.2577405062485256,30,21
29,1.1599449465268774,20,15
29,0.5987989576748588,10,5
29,1.1459491336969923,18,7
29,0.8184412758080937,28,11
29,0.6606782552751854,11,9
29,0.6720617109658116,8,9
29,0.9251392816467701,38,28
29,1.0785094558170136,75,32
29,0.44526824759102956,9,4
29,1.0078736538392823,20,20
29,1.558074012219545,15,49
29,0.6926540904266749,24,26
29,0.5029152347422772,15,4
29,0.3733189699566875,5,7
29,1.0283200915605222,15,16
29,1.6358755536127858,41,22
29,0.5167797000065013,7,7
29,1.0251093732888072,20,14
33,1.243861446810339,22,8
33,0.9569545808846738,42,5
33,0.7839990252569684,26,5
33,0.9862742763750173,34,20
33,1.1188039701270376,16,19
33,0.7743668704418233,22,0
33,1.184317217043987,19,16
33,0.29772114883176015,6,0
33,1.1317781907795588,9,1
33,0.9986793242430072,23,9
33,0.8495414605218427,15,6
33,0.8045768105438695,30,4
33,0.8145008488382615,17,17
33,1.2234441974370238,18,15
33,1.0338512834922495,39,6
33,0.9868580433335109,22,2
33,1.1125138811492685,6,14
33,0.4081990457266829,13,16
33,0.7092768545697816,17,6
33,0.7174495919886926,10,5
33,0.8587211959441553,24,11
33,0.7854584426532025,15,7
33,0.8139170818797679,16,7
33,0.4081990457266829,12,4
33,0.6872542460606087,21,4
33,0.41345294835312574,10,9
33,0.7121956893622498,12,2
33,0.4484789658627446,19,17
33,0.5220336026329442,17,7
33,1.1688473926439054,19,3
33,0.6079932872711338,8,1
33,0.48233744945537615,14,24
33,1.2002394608369014,16,10
33,0.8512927613973237,24,28
33,0.8234032949552896,24,8
33,0.9019199508726852,31,11
33,0.5662539497388379,20,18
33,0.8431054298044502,14,10
33,0.7028700122003138,22,9
33,1.389379955388843,15,1
33,0.5618756975501356,21,11
33,0.5948585307050267,39,17
33,1.0080195955789055,21,16
33,0.5531191931727308,11,1
33,0.6319277325693733,14,16
33,0.9042550187066598,27,11
33,1.4338775918000213,15,24
33,0.9346109005483294,26,12
33,0.9541670936578667,36,16
33,1.6310448820312509,42,12
33,0.48861294425918284,21,14
33,1.3388695193051803,39,11
33,1.0957305810925762,11,8
33,1.2844332504256477,11,10
33,1.0137113234242188,26,5
33,0.8524457011403486,21,6
33,1.8470532508478628,7,8
33,0.8654491101407946,25,8
33,0.8127495479627805,19,3
33,0.822819527996796,14,5
33,2.000423425018106,26,22
33,1.4276020969962147,19,5
33,0.8537591767969593,45,16
33,0.7104443884867688,8,2
33,0.5302063400518552,3,0
33,1.2340979444295328,25,12
33,1.0469860400583566,42,5
33,0.7939230635513604,22,10
33,0.44804114064387435,14,5
33,1.8644203178630487,39,6
33,0.3255960210998318,18,4
33,0.6552930050830815,17,7
33,0.9908130644773053,42,22
33,0.7882313357060474,28,14
33,1.0614342722810743,31,38
33,1.560131790748235,32,11
33,0.7748192898346559,20,2
33,0.7823936661211109,15,9
33,1.2828278912897901,19,10
33,1.136740209926755,25,6
33,0.9206150877184442,34,15
33,0.6971636901810384,11,3
33,1.238461602444273,29,5
33,0.9565021614918412,17,7
33,0.7443174662533627,11,4
33,0.955334627574854,35,15
33,1.527148957593344,41,16
33,1.0109530245453362,29,6
33,0.5385250192103898,20,3
33,1.4124241560753799,51,5
33,0.6450624891354804,31,10
33,1.0993791245831614,16,4
33,1.1682636256854118,15,13
33,0.97912313113347,11,9
33,0.6468137900109613,13,19
33,0.6059501029164059,41,6
33,0.9166600665746498,10,4
33,0.7234332033132526,22,20
33,0.9730081722432491,19,12
33,0.7435731633812833,30,12
33,0.874920729042354,9,2
33,0.9709649878885214,24,12
33,1.0164842164770636,19,32
33,0.7197846598226673,19,4
33,1.286330493040752,28,12
33,0.6392248195505439,8,1
33,1.1287134142474673,14,12
33,0.9554805693144773,24,17
33,1.2463570505578996,20,9
33,0.5745726288973725,3,2
33,0.9800133757451729,19,10
33,0.7559782112492733,31,8
33,0.9766421215598721,23,2
33,0.6452084308751038,14,1
33,1.103042262247709,40,14
33,1.1433221823837707,32,11
33,0.5944207054861564,24,2
33,0.5240767869876719,26,4
33,0.6862180597092825,10,6
33,1.2348130589536876,36,9
33,0.7175955337283161,19,16
33,1.1657826161118139,15,6
33,0.843397313283697,26,6
33,0.8149386740571317,18,2
33,0.4496464997797319,12,5
33,1.5939902743408665,16,6
33,0.7443028720794004,33,7
33,1.5862407679668633,8,30
33,1.735553761775576,30,17
33,1.4369569625060754,17,3
33,1.1201174457836482,35,18
33,1.3544852854448854,24,5
33,0.8785692725329393,13,3
33,1.1273999385908564,52,7
33,1.2472327009956399,41,10
33,0.6285710725580348,38,21
33,0.5839129002332708,9,7
33,1.1738240059650638,48,32
33,1.518684336695186,27,16
33,0.8654345159668323,29,8
33,1.040418661775303,15,13
33,0.8479215072120229,42,14
33,2.090192189060467,39,20
33,1.1386520467158217,57,24
33,1.1009990778929812,35,16
33,2.0849236922600616,31,10
33,0.32107182717150606,5,1
33,1.8039858434849938,44,17
33,1.1973060318704707,34,20
33,0.8895149030046952,23,9
33,1.4351910674566322,32,4
33,0.7736517559176685,5,4
33,0.8690976536313799,15,10
33,1.0377917104620817,20,10
33,1.2160011687162298,18,6
33,1.2240279643955174,8,7
33,1.1152867742021133,30,14
33,1.3161172020978904,25,6
33,0.9910903537825898,30,11
33,1.06159480819466,28,16
33,1.6195300787749636,47,18
33,0.9652586658692459,45,21
33,1.0920966317759533,50,21
33,1.056764136613125,57,8
33,1.1253713484100911,18,6
33,0.5036449434403942,15,6
33,0.9427836379672405,12,5
33,0.4537328684891874,9,9
33,1.87303088050083,97,49
33,1.1084421066137753,19,10
33,0.9582534623673222,14,4
33,0.9343336112430449,15,6
33,0.8734613116461198,34,26
33,1.5849272923102526,35,11
33,0.9903606450844727,19,1
33,0.6145606655541873,10,3
33,1.0761889821570012,44,15
33,0.8146467905778849,21,8
33,1.0713583105754663,31,30
33,1.4554769692642864,36,17
33,1.357418714411316,58,13
33,1.4324327685777496,41,8
33,0.6946972747814028,27,5
33,0.6795047396866055,8,8
33,1.037937652201705,13,5
33,0.9451187058012152,28,9
33,1.6367366098765639,33,12
33,0.679650681426229,28,19
33,1.4505295442910526,42,11
33,1.4622048834609256,58,12
33,0.5256821461235295,7,3
33,0.9391350944766552,43,9
33,0.9607344719409202,14,16
33,1.5720844192233925,45,10
33,0.5633497091203321,5,2
33,1.148853374315498,41,1
33,0.902941543050049,20,13
33,1.1373239768852486,50,14
33,0.745908231215258,13,7
33,0.47124587724399686,10,4
33,0.8931780406692429,19,17
33,1.1968682066516005,21,5
33,1.1317781907795588,44,15
33,0.8164126856273282,18,5
33,0.6776074970715013,35,12
33,0.8419378958874629,12,12
33,1.0716501940547132,30,8
33,0.48102397379876544,31,3
33,0.6266738299429304,9,8
33,0.7300005815963061,15,6
33,0.6782058582039572,25,10
33,0.8597573822954815,28,4
33,1.1557272302517607,35,6
33,1.3438315384523762,35,14
33,2.261396443812691,34,14
33,1.167971742206165,26,15
33,1.2450289807273265,15,7
33,1.9659957686409433,44,26
33,1.1333835499154163,17,8
33,1.3342139778111934,27,29
33,1.1940953135987558,29,12
33,1.1443291803871722,30,12
33,1.1551288691193047,34,8
33,1.182857799647753,21,15
33,1.4595633379737418,14,6
33,0.8616546249105859,17,2
33,1.1879803547085348,29,26
33,0.8450026724195546,25,7
33,0.37521621257179183,18,6
33,0.813625198400521,25,11
33,1.3323021410221267,39,31
33,1.412132272596133,32,34
33,0.9149087656991689,27,14
33,2.083332927298166,8,9
33,0.9398793973487346,22,5
33,1.8137639400397625,26,17
33,1.2196351180328528,26,33
33,1.3035516183163145,55,10
33,1.2683796590670724,37,5
33,1.504090162732845,22,7
33,1.601418708887698,27,13
33,1.1608351911385801,4,25
33,1.3123081226937192,27,10
33,1.312891889652213,29,3
33,1.203435584934654,30,24
33,1.2638554651387466,11,20
33,0.5328332913650766,18,15
33,1.256850261636823,34,9
33,1.359009479373211,23,17
33,1.9991245435354579,26,14
33,1.3365344514712056,22,26
33,1.1117841724511515,31,8
33,0.8537591767969593,51,19
33,1.5401377724198275,40,12
33,1.7352618782963292,35,24
33,1.0288892643450536,28,20
33,0.5995432605469382,20,4
33,1.0411483704734201,28,7
33,1.0874119019340416,19,43
33,0.6428733630411292,17,9
33,0.7807883069852534,15,10
33,0.6333871499656074,1,6
33,1.5557535385595327,47,15
33,0.4537328684891874,4,7
33,0.845878322857295,3,1
33,1.1475544928328496,12,31
33,0.7708642686908613,47,8
33,0.9346254947222918,29,16
33,0.8026795679287652,10,15
33,1.3591554211128345,49,24
33,1.1659285578514373,8,6
33,0.8966660482462424,22,23
33,0.928773230963393,17,1
33,0.8492349828686335,21,15
33,0.7520377842794412,29,12
33,1.2928978713238055,13,14
33,1.2335141774710392,25,14
33,1.0957451752665386,33,25
33,1.1704673459537254,12,2
33,1.0977883596212663,13,21
33,0.810414480128806,9,2
33,1.0064288306170104,52,14
33,0.8971038734651127,4,3
33,1.5843581195257213,26,6
33,0.7908582870192687,9,7
33,0.9541670936578667,11,5
33,1.084945486534406,22,15
33,0.8638291568309747,16,12
33,1.3623661393845496,43,13
33,0.9292256503562255,13,15
33,0.5998205498522227,18,7
33,1.1227298029229074,34,24
33,1.2964004730747674,17,10
33,1.1252108124965052,37,12
33,1.1697230430816459,36,20
33,0.7542269103737924,19,8
33,1.2409426120178708,18,21
33,0.5503463001198861,16,8
33,1.306776930761992,32,11
33,1.0132734982053484,34,4
33,1.4740115701964596,22,10
33,0.6434717241735851,15,11
33,0.8499646915667506,44,6
33,0.8982714073820999,31,2
33,0.46219748938734534,10,8
33,1.2966923565540143,22,21
33,1.920899771097309,35,22
33,1.6844595587334195,14,12
33,1.6262288046236781,15,5
33,1.056326311394255,16,13
33,1.5841975836121356,26,13
33,0.9417620457898767,16,16
33,0.9311082987973676,39,13
33,0.8552185941931935,3,5
33,0.9426376962276171,20,10
33,1.1932196631610152,22,12
33,1.067709767084881,9,9
33,1.1828723938217154,16,6
33,0.9335893083709655,14,3
33,1.0771959801604027,25,27
33,1.000722508597735,11,2
33,1.0420240209111606,39,6
33,0.9595669380239329,50,12
33,0.36923260124723195,11,5
33,1.271444435599164,37,12
33,1.0364928289794333,6,33
33,1.1828723938217154,91,17
33,0.5585336317127595,15,7
33,1.2775885828373097,53,23
33,1.0617407499342835,70,15
33,0.4943046721044959,10,2
33,0.7704264434719912,22,2
33,1.4521203092529478,64,5
33,1.4948812389626076,58,25
33,0.661262022233679,30,17
33,0.28896464445435543,7,2
33,0.9165141248350264,30,9
33,0.5842047837125176,31,8
33,0.7332258940419835,33,13
33,0.8512927613973237,20,12
33,1.1517722091079663,27,22
33,0.7027094762867281,24,10
33,0.5227779055050236,13,1
33,0.582468077010999,27,17
33,0.6167497916485385,35,6
33,2.101882122404302,68,31
33,1.0350188174092367,55,24
33,0.8686598284125097,50,5
33,0.7914420539777625,19,7
33,1.051962653379515,29,10
33,0.6325114995278669,37,5
33,0.619084859482513,15,20
33,0.530366875965441,9,2
33,1.3622201976449262,22,7
33,0.688845011022504,27,11
33,0.833473274989305,28,6
33,0.9784080166093153,31,7
33,0.534730533980181,16,7
33,0.8130414314420273,42,2
33,1.1387979884554449,25,24
33,0.7530739706307674,28,16
33,0.9397188614351488,29,3
33,1.0646595847267517,36,13
33,1.0907685619453802,29,15
33,1.0732555531905708,33,21
33,0.4604607826858267,3,0
33,0.6144147238145639,29,4
33,0.9937318992697736,37,9
33,0.5554542610067055,22,4
33,0.7139615844116931,6,9
33,0.8412227813633082,50,13
33,0.8487971576497633,23,6
33,0.8472063926878681,12,9
33,1.8431128238780305,63,24
33,0.25685746173720486,5,2
33,0.6643267987657707,11,4
33,1.070190776658479,37,12
33,1.0814282906094819,21,22
33,0.6132471898975765,20,39
33,0.764005006928561,40,14
33,0.8914121456197995,28,6
33,0.542173562700975,2,0
33,0.5798265315238152,18,36
33,1.1851928674817276,43,6
33,0.7553944442907797,26,21
33,1.602002475846192,57,15
33,0.9785393641749764,81,10
33,1.076174387983039,11,4
33,1.1938034301195088,53,20
33,1.2771361634444771,31,9
33,0.652359576116651,45,13
33,1.004225110348697,48,10
33,0.6342773945773102,11,9
33,0.6145606655541873,34,7
33,1.2781723497958033,33,11
33,0.9100926882915963,30,18
33,1.182128090949636,27,3
33,0.824570828872277,29,15
33,0.7428434546831663,15,6
33,0.7897053472762439,40,17
33,1.040287314209642,24,28
33,0.660532313535562,34,16
33,1.2043112353723946,54,8
33,0.5556002027463289,1,10
33,1.064499048813166,23,12
33,0.8447107889403077,33,21
33,1.4306814677022686,28,20
37,0.9938632468354347,37,9
37,0.5408746812183266,19,12
37,1.0026197512128394,54,9
37,0.7961267838196739,32,16
37,0.23934445298239543,0,10
37,0.885443128469202,41,17
37,0.5957341811427671,29,5
37,0.9872958685523812,24,13
37,1.0961684063114463,33,17
37,1.1866522848779617,22,4
37,0.5592487462369142,23,8
37,0.7657709019780043,27,17
37,1.4505149501170904,45,18
37,0.6277100162942567,36,7
37,0.8858663595141099,37,10
37,0.48452657554972733,20,16
37,1.2858926678218818,36,8
37,0.7599186382191054,23,12
37,0.5550164357878352,11,4
37,0.40600991963233174,7,0
37,0.8102831325631449,13,12
37,0.9464467756317881,29,6
37,0.6046512214337576,30,22
37,0.47387282855721824,12,3
37,0.875650437740471,45,8
37,0.5122555060781756,39,9
37,1.1078437454813193,19,5
37,0.8239870619137832,28,8
37,1.3329005021545828,54,23
37,1.932283226787935,51,12
37,1.6368971457901496,109,48
37,0.6265424823772694,34,7
37,1.036055003760563,29,6
37,1.8420912317006666,73,22
37,0.5075853704102264,10,8
37,0.873169428166873,37,12
37,0.6494407413241827,36,9
37,0.7243234479249553,35,12
37,0.9821879076655617,44,15
37,0.36689753341325737,9,5
37,0.7837217359516839,25,4
37,1.0681475923037513,13,22
37,0.6961420980036745,16,14
37,0.8092469462118187,36,20
37,1.0161923329978166,32,8
37,1.1450588890852893,31,4
37,0.481476393191598,26,6
37,0.9100926882915963,57,20
37,1.274231922825971,31,9
37,1.3498297439508986,31,16
37,0.7262206905400597,23,5
37,0.3473413403037202,19,3
37,0.7667778999814059,23,19
37,0.8108523053476762,35,3
37,0.29626173143552603,15,12
37,0.8747747873027306,24,6
37,0.3200502349941422,18,17
37,0.8969725258994515,25,12
37,0.5837669584936473,17,5
37,1.0466941565791097,29,10
37,0.6047825689994187,19,2
37,1.3130524255657987,38,19
37,0.7483892407888559,10,1
37,0.7326421270834899,27,13
37,0.9639597843865976,18,11
37,0.6339855110980634,20,2
37,1.8209296794552718,52,24
37,0.4363658014740014,17,8
37,1.3912771980039476,42,2
37,1.3196198038488522,35,16
37,0.5195671872333085,21,17
37,1.0732555531905708,32,7
37,1.3374101019089462,58,14
37,0.8711262438121453,35,10
37,1.372436119418565,35,23
37,0.808663179253325,31,5
37,1.608000681344714,63,5
37,0.38003228997936445,16,7
37,0.9573778119295817,45,6
37,0.5239308452480486,22,10
37,1.0487373409338374,38,10
37,1.255828669459459,27,13
37,0.9579615788880753,32,11
37,0.914616882219922,39,12
37,1.4915391731252314,51,25
37,0.4670135667949179,12,2
37,0.8241330036534067,28,11
37,0.7032932432452217,33,7
37,0.7513080755813242,41,9
37,0.7557009219439889,24,3
37,0.6713320022676945,13,4
37,0.9410323370917596,14,1
37,0.6465219065317145,17,2
37,1.129895542338417,32,16
37,0.6412680039052716,35,17
37,1.064075817768258,51,19
37,1.4376866712041925,25,9
37,0.9191410761482478,41,20
37,0.9378362129940069,22,3
37,1.086696787409887,16,2
37,1.317124200101292,36,10
37,1.1386374525418592,27,24
37,1.0497589331112014,35,14
37,1.1802308483345316,18,11
37,0.27013816004293534,3,0
37,0.7326421270834899,34,11
37,0.6520676926374042,23,1
37,1.4084837291055476,52,23
37,0.6835911083960611,32,1
37,0.9525617345220091,43,7
37,1.0013062755562288,8,4
37,0.8572617785479212,44,22
37,0.7046067189018324,9,1
37,0.4465817232476402,24,1
37,1.4357748344151258,38,6
37,1.3134756566107066,41,21
37,0.5249670315993747,36,4
37,1.18957111967043,30,9
37,0.41447454053048965,15,4
37,0.43519826755701413,28,10
37,0.8172737418911064,32,12
37,0.8775622745295377,13,0
37,0.27203540265803966,3,0
37,0.7926095878947498,34,3
37,0.9769340050391189,13,5
37,1.4928380546078797,43,6
37,0.887194429344683,29,14
37,0.9378216188200446,16,3
37,1.5383718773703843,48,5
37,0.9947534914471374,26,16
37,0.5020395843045368,22,10
37,1.2980204263845874,26,9
37,1.0239272451978576,52,5
37,1.5748719064501995,25,11
37,1.2629944088749685,25,1
37,0.49955857473093873,29,12
37,0.6905963118979849,17,5
37,0.4042586187568508,24,8
37,2.2790262059591995,67,8
37,0.9264381631294184,23,6
37,0.8423903152802955,25,16
37,1.2329304105125456,48,26
37,1.1984881599614203,23,2
37,1.2996257855204447,77,16
37,1.2751075732637116,40,8
37,0.781372073943747,75,14
37,0.7088390293509114,31,1
37,0.8615086831709625,23,2
37,0.9122818143859475,30,15
37,0.8271977801854984,24,1
37,1.1392212195003528,27,42
37,1.2835721941618696,45,9
37,0.8172737418911064,21,10
37,1.1383601632365747,36,13
37,0.8877781963031766,30,2
37,0.5376493687726492,12,12
37,0.5516597757764968,34,8
37,1.1120760559303982,33,18
37,0.8571158368082977,34,10
37,0.4178312005418281,17,4
37,0.8524602953143109,28,13
37,0.6765859048941373,30,12
37,0.42075003533429634,29,13
37,0.35129636144751464,4,12
37,1.1622946085348143,12,8
37,1.0410024287337967,55,26
37,0.7993229079174267,28,25
37,2.0774806635392675,57,21
37,0.7853125009135792,14,7
37,0.5805562402219323,37,8
37,0.5034990017007709,14,6
37,0.35770320381698245,17,6
37,1.1974665677840566,46,8
37,0.6652024492035112,31,15
37,0.3498223498773182,7,4
37,0.5217417191536974,25,5
37,0.49226148774976813,54,2
37,0.6082851707503806,6,1
37,1.3836736333695676,32,10
37,0.8825096995027715,43,9
37,0.6650565074638878,37,16
37,1.514875257291015,36,8
37,0.43928463626646963,9,1
37,0.3215096523903763,7,4
37,0.8251545958307706,12,6
37,0.7977175487815692,73,9
37,0.9114207581221693,26,3
37,1.0037872851298266,38,19
37,0.9355011451600322,28,3
37,0.9846689172391597,38,4
37,1.1980357405685877,36,5
37,1.2383156607046495,38,8
37,1.1033195515529937,58,22
37,1.0696216038739477,32,7
37,0.6323655577882435,6,4
37,1.034303702885082,37,11
37,0.5115257973800585,4,8
37,1.6297460005486024,48,12
37,0.5718143300184899,12,1
37,0.9729935780692868,34,2
37,1.4068929641436525,43,24
37,0.673535722536008,36,8
37,0.8072037618570909,42,18
37,1.3053029191917955,52,13
37,0.8209222853816917,26,12
37,1.0312389263529904,15,8
37,1.9483368181465104,65,17
37,0.5766158132521002,6,5
37,0.7337950668265147,23,17
37,1.3522961593505343,54,35
37,1.7853053008131972,59,16
37,1.8877709962027946,51,20
37,0.6558621778676128,18,7
37,0.9173897752727669,61,13
37,1.0618720974999445,24,8
37,0.5153202826102672,18,21
37,1.1869587625311708,24,4
37,1.0922279793416143,25,11
37,0.6117877725013424,29,9
37,0.394042696983212,11,2
37,0.7851665591739557,17,10
37,0.504958419097005,11,3
37,0.8520078759214783,8,9
37,0.8095388296910655,35,21
37,0.6196686264410067,15,6
37,0.9473224260695287,31,12
37,0.5255507985578683,13,1
37,1.025532604333715,39,6
37,1.2024285869312525,31,15
37,1.296984240033261,29,8
37,0.6957042727848043,16,6
37,0.6406988311207403,32,9
37,0.8444334996350232,23,17
37,0.33435252547723654,11,3
37,0.33070398198665124,2,1
37,0.5208660687159569,1,5
37,0.7046067189018324,27,10
37,0.4042586187568508,3,0
37,0.6064025223092385,48,10
37,0.34880075769995433,9,6
37,0.6968718067017916,29,7
37,1.0955846393529527,29,16
37,0.900460533476451,40,10
37,0.6358827537131677,20,7
37,1.0224678278016235,34,5
37,0.8355164593440328,37,9
37,1.063769340115049,56,6
37,0.492553371229015,17,11
37,1.093541454998225,35,7
37,1.154545102160811,45,21
37,1.1163083663794773,39,9
37,1.0307865069601578,41,9
37,1.7378742354355883,38,21
37,1.410249624154991,39,18
37,1.37564683769028,44,29
37,1.349377324558066,30,6
37,0.622587461233475,49,6
37,1.297713948731378,35,8
37,1.114119240285126,33,6
37,0.8623697394347406,12,3
37,1.2142352736667865,56,26
37,0.6735211283620457,52,4
37,0.9737232867674038,28,4
37,1.431849001619256,30,9
37,0.9603112408960123,20,6
37,0.480148323361025,28,10
37,1.2432776798518455,34,7
37,0.5312425264031815,8,5
37,1.215402807583774,35,4
37,0.7676535504191463,23,1
37,0.9083559815900777,38,6
37,0.7688210843361336,39,5
37,0.5556147969202913,6,3
37,0.7534972016756754,43,17
37,1.2896871530520906,19,3
37,0.8721624301634715,33,8
37,0.9627776562956479,19,2
37,1.2657673019278133,32,6
37,0.7552485025511563,14,3
37,0.6058041611767826,6,2
37,0.812895489702404,32,22
37,0.7375895520567235,22,8
37,1.2589080401655128,29,14
37,0.6471202676641704,26,8
37,1.0058450636585168,30,2
37,0.37010825168497247,8,0
37,0.5675674253954487,7,6
37,0.5732591532407617,28,20
37,0.9633614232541415,22,20
37,1.1163229605534395,31,15
37,0.5391087861688834,73,5
37,1.6142761761485207,9,9
37,0.8050292299367021,36,11
37,1.094563047175589,32,10
37,1.0089098401906085,36,24
37,1.2937881159355082,39,11
37,0.5662539497388379,23,3
37,0.8972644093786983,34,13
37,0.5613065247656043,7,4
37,1.1329457246965462,51,10
37,1.196590917346316,11,23
37,0.5235076142031406,23,7
37,1.0299254506963798,35,6
37,1.0164842164770636,14,5
37,0.9693450345787015,34,6
37,0.5896046280785838,21,13
37,1.2107326719158247,31,20
37,0.9068819700198812,40,8
37,1.001744100775099,16,6
37,1.2586161566862661,31,9
37,1.040418661775303,39,10
37,2.1136888091398363,97,31
37,0.8016725699253636,43,11
37,0.6243387621089559,28,4
37,0.6792128562073587,29,6
37,1.046402273099863,46,13
37,0.3804701151982347,10,0
37,0.4261498797003626,11,1
37,0.47722948856855674,18,8
37,1.2262170904898686,48,21
37,1.3175766194941245,50,10
37,0.4156566686214393,14,6
37,0.40717745354931906,2,4
37,0.7750965791399403,10,2
37,1.327354716048893,48,9
37,1.419443953751266,30,12
37,0.8304084984572134,23,5
37,1.0688773010018684,33,10
37,0.6224415194938515,11,8
37,0.9661343163069864,34,2
37,1.0699134873531946,24,6
37,1.6304757092467195,41,5
37,0.5036449434403942,17,8
37,0.5617297558105122,17,5
37,0.9830635581033021,33,12
37,1.7308690319336646,64,6
37,0.3289526811111703,12,5
37,1.0069980034015418,37,13
37,1.3968229841096371,10,5
37,1.5001497357630127,46,8
37,1.0631855731565554,28,5
37,1.3091119985959665,28,10
37,0.4117016474776448,21,3
37,1.064075817768258,34,5
37,1.3241294036032156,58,9
37,0.8702505933744048,57,11
37,1.6021484175858152,40,7
37,0.8727461971219652,47,12
37,1.2549676131956808,31,9
37,1.4848258531025544,56,5
37,1.287060201738869,46,6
37,0.8145008488382615,28,8
37,1.4570969225741062,39,16
37,1.2685256008066959,38,13
37,1.1492911995343682,31,5
37,1.2530557764066141,34,15
37,1.3108632994714475,44,6
37,1.444983758185363,44,5
37,0.8257383627892643,26,7
37,2.121555068905538,65,29
37,0.41826902576069835,8,0
37,1.6416986290237598,23,2
37,2.24312453801184,54,15
37,0.9944470137939283,33,5
37,1.2768588741391926,6,1
37,0.7197846598226673,8,3
37,0.833473274989305,19,2
37,0.9778096554768594,41,4
37,1.4916705206908925,73,24
37,0.9620625417714932,48,7
37,1.4989822018460255,22,2
37,1.0780862247721057,35,9
37,0.8851512449899552,30,3
37,0.6230252864523451,14,3
37,1.1112004054926579,50,2
37,0.7003744084527534,24,7
37,1.026422848945418,37,29
37,0.7321897076906573,36,9
37,0.7241629120113696,22,25
37,0.5326873496254533,3,6
37,0.7602105216983523,14,6
37,0.33420658373761314,18,19
37,0.8566780115894276,58,7
37,1.4023687702153267,89,16
37,0.83026255671759,25,6
37,1.3136361925242923,32,23
37,0.7733452782644594,22,0
37,1.3012311446563023,62,6
37,0.8212287630349008,34,11
37,0.43286319972303955,0,0
37,0.99751179032602,34,9
37,1.118351550734205,25,12
37,1.0144410321223358,16,10
37,1.299465249606859,64,18
37,1.5110807720608062,32,6
37,0.31231532279410135,15,5
37,0.9008983586953213,30,2
37,0.8670544692766521,28,1
37,0.7450471749514798,23,8
37,0.8251691900047329,32,5
37,1.5188302784348093,51,8
37,1.1465183064815234,19,6
37,0.8248627123515238,26,14
37,0.9897768781259791,29,5
37,1.141702229073951,45,9
37,1.4502230666378435,39,12
37,0.7600645799587289,19,4
37,0.9588372293258158,8,1
37,0.9144709404802986,51,12
37,1.0906372143797192,38,11
37,0.8137711401401444,11,2
37,0.9538752101786199,23,1
37,0.6583431874412108,14,5
37,1.1376158603644952,17,9
37,0.9859823928957704,51,9
37,1.0089098401906085,33,18
37,0.46059213025148776,13,0
37,2.2634250339934567,81,28
37,0.8835312916801353,20,10
37,0.6792128562073587,17,3
37,0.773929045222953,20,5
37,1.0061223529638013,8,0
37,2.005837863558135,70,28
37,0.83668399326102,40,10
37,1.4649631823398082,36,7
37,1.064499048813166,31,4
37,1.5315272097820463,45,10
37,1.2295591563272448,75,17
37,2.032968432954127,93,32
37,1.0547209522583973,13,4
37,0.8687911759781707,11,3
37,0.5566363890976551,37,1
37,0.9573778119295817,14,3
37,1.1630243172329313,2,4
37,1.080713176085327,61,6
37,1.3689481118415654,113,32
37,1.2243198478747643,39,7
37,0.8806124568876671,7,7
37,0.7803504817663831,11,5
37,1.4278939804754616,28,13
37,1.2049095965048506,43,10
37,0.7177414754679394,18,7
37,1.0118140808091143,33,15
37,0.7104443884867688,23,3
37,1.0412943122130436,45,31
37,0.7005203501923769,24,11
37,0.7532053181964286,5,4
37,1.5331325689179038,39,4
37,1.0080195955789055,5,7
37,0.9477456571144365,28,22
37,1.4547618547401315,46,13
37,0.6360141012788288,6,3
37,0.8838377693333445,7,4
37,1.118220203168544,38,5
41,0.5516597757764968,32,4
41,0.26269513132214134,10,0
41,0.8423903152802955,24,12
41,0.8957903978085019,14,7
41,0.5450923974934433,28,13
41,0.6768777883733842,59,9
41,0.7892675220573736,32,7
41,1.8563789280097986,92,14
41,1.8213529105001798,101,18
41,0.6866558849281528,33,9
41,0.6427274213015057,13,5
41,0.9384053857785382,44,1
41,0.45533822762504494,27,10
41,1.3314410847583487,18,9
41,1.007435828620412,33,14
41,0.8647048072687152,29,2
41,1.0630542255908941,20,8
41,0.42133380229279,31,4
41,0.8978335821632297,27,11
41,1.0493211078923312,32,13
41,1.3331777914598673,29,7
41,0.9133180007372736,27,9
41,0.8866106623861894,24,3
41,1.0211543521450126,45,13
41,0.7375895520567235,30,5
41,1.1252108124965052,12,5
41,0.6850505257922952,17,3
41,0.8647194014426776,32,3
41,0.594143416180872,34,6
41,1.1053773300816836,37,9
41,1.571208768785652,63,11
41,0.7412380955473088,33,5
41,0.775680346098434,29,3
41,0.8647048072687152,8,0
41,0.790566403540022,29,6
41,0.604198802040925,15,3
41,1.3471881984637148,33,5
41,0.47109993550437346,18,1
41,0.7082552623924177,7,11
41,0.7449012332118564,27,9
41,0.5487409409840286,26,2
41,0.6609701387544322,30,4
41,0.7829774330796045,15,7
41,0.5293452837880771,18,4
41,1.6236018533104568,45,14
41,0.9150547074387922,42,8
41,0.783123374819228,19,3
41,0.5312279322292192,27,4
41,1.1469561317003938,20,7
41,0.5318116991877128,20,6
41,0.9204545518048585,21,19
41,1.2053474217237208,38,9
41,1.0328296913148856,32,2
41,1.509913238143819,47,12
41,0.7374436103171,41,7
41,1.0180895756129211,27,10
41,0.522325486112191,15,6
41,1.0308011011341203,46,10
41,0.5761925822071923,35,8
41,1.4630659397247037,71,7
41,0.40221543440212304,16,1
41,0.5777833471690875,28,5
41,1.5340082193556444,47,4
41,1.043921263526265,7,2
41,0.3298283315489108,27,4
41,1.1900089448893,35,7
41,1.2793398837127905,34,14
41,0.3385848359263155,19,7
41,0.9473078318955663,40,0
41,0.9579615788880753,7,5
41,1.148123665617381,8,3
41,0.7775775887135383,9,4
41,1.0440672052658884,38,7
41,1.2552594966749275,70,22
41,0.5696252039241387,17,16
41,1.1021666118099687,28,15
41,0.4195970955912714,33,6
41,1.347494676116924,20,2
41,0.8523143535746875,39,17
41,0.46263531460621554,17,9
41,1.310118996599368,32,11
41,1.312891889652213,32,7
41,0.8393109445742415,26,4
41,0.9823338494051851,8,9
41,1.1269767075459487,43,3
41,0.6670996918186155,23,3
41,1.6179101254651438,32,6
41,1.0649368740320362,41,3
41,1.0648055264663752,23,8
41,0.6676834587771092,26,4
41,0.7978634905211925,38,8
41,0.8873403710843064,8,3
41,0.7651725408455483,27,6
41,0.7588970460417416,25,8
41,1.1466642482211469,14,4
41,1.251304475531133,38,8
41,0.9400107449143957,19,8
41,0.539692553127377,6,7
41,1.2797631147576984,40,8
41,0.878729808446525,35,5
41,1.8448641247535116,108,7
41,0.8308463236760837,14,2
41,1.4496538938533121,44,19
41,1.2354114200861437,12,12
41,1.4478879988038689,66,8
41,1.1787860251122597,54,11
41,0.7225721470494744,13,16
41,0.8736072533857433,34,7
41,0.5210120104555803,16,10
41,1.1247875814515975,27,6
41,0.8232573532156662,19,8
41,1.1294431229455844,25,13
41,0.5128392730366692,14,4
41,0.7498486581850901,23,4
41,1.2781577556218409,45,20
41,0.6868018266677761,28,7
41,0.8864501264726036,24,6
41,0.907772214631584,44,3
41,0.9300867066200037,17,3
41,1.165490732632567,36,14
41,0.43286319972303955,3,1
41,1.0356025843677306,29,6
41,0.7895594055366204,38,7
41,0.8736072533857433,10,3
41,0.7078320313475098,22,6
41,2.2397678780005017,33,18
41,0.5674214836558252,26,9
41,0.8893689612650718,10,2
41,1.1126744170628542,43,9
41,0.7304384068151762,23,4
41,0.7768478800154213,21,2
41,1.0283200915605222,26,8
41,1.250574766833016,40,3
41,0.9835159774961347,34,9
41,1.0181041697868833,37,5
41,0.6925081486870516,22,1
41,1.2046031188516413,19,11
41,1.1638853734967094,40,16
41,0.5053962443158753,15,5
41,1.3505448584750532,32,9
41,1.3552149941430025,71,14
41,1.2650229990557338,51,11
41,1.0500508165904483,48,5
41,1.7749580314738973,28,6
41,0.4962019147196003,33,17
41,1.0246569538959747,20,9
41,1.0653892934248688,42,4
41,1.3839655168488145,25,11
41,1.6017251865409075,43,10
41,2.2977213428049583,34,19
41,1.317124200101292,84,5
41,0.7610861721360928,19,6
41,1.0941252219567186,58,16
41,0.43052813188906497,6,5
41,0.703307837419184,16,12
41,1.1768887824971555,50,15
41,0.8435432550233205,28,3
41,1.1494371412739917,48,8
41,0.6134077258111623,42,7
41,1.3159566661843045,40,9
41,1.0933955132586015,21,8
41,2.128866750060671,75,17
41,1.1301728316437014,38,11
41,1.0574938453112421,38,18
41,0.6924935545130892,26,1
41,0.6579053622223406,23,10
41,1.0809904653906115,38,8
41,0.48978047817617015,32,13
41,0.786932454223399,24,8
41,1.6201138457334572,30,16
41,0.6634657425019926,38,11
41,0.6189389177428897,15,5
41,1.1326684353912617,31,7
41,1.3133297148710832,64,26
41,0.8995848830387106,30,9
41,1.3203495125469693,20,8
41,1.5348838697933846,28,14
41,0.9327136579332251,44,11
41,1.075751156938131,30,1
41,0.6837370501356845,21,7
41,1.8179962504888414,74,19
41,0.4543166354476811,21,8
41,1.4236616700263824,34,2
41,1.480447600913852,33,25
41,1.089177796983485,22,17
41,1.080844523650988,33,6
41,0.6805263318639694,30,19
41,0.8544888854950764,44,6
41,1.433001941362281,36,15
41,0.7720318026078486,27,6
41,0.6528119955094835,13,6
41,1.4775287661213838,72,8
41,0.4582570624175132,17,2
41,1.4328559996226575,33,8
41,0.416371783145594,15,4
41,0.7739436393969154,30,6
41,1.2971301817728844,57,7
41,0.8595968463818958,21,9
41,0.9997009164203712,24,14
41,0.9134493483029348,36,3
41,0.8070578201174675,40,15
41,1.153815393462694,12,8
41,0.8143549070986381,26,7
41,0.9656964910881162,27,5
41,0.8361002263025265,26,7
41,0.4600229574669565,27,12
41,0.5796805897841919,34,2
41,1.0320999826167685,45,12
41,0.791296112238139,27,5
41,0.9576696954088285,15,9
41,1.5380799938911374,45,13
41,1.9401640807275995,55,14
41,1.1586314708702667,27,5
41,1.7054897634131532,22,8
41,1.1268307658063252,49,2
41,0.848359332430893,32,7
41,1.4689182034836026,29,19
41,0.40717745354931906,20,9
41,0.5513678922972499,12,5
41,1.0157691019529087,43,9
41,1.291161164622287,31,8
41,2.5159188377159216,90,30
41,0.9750367624240145,28,4
41,1.2920368150600274,45,7
41,0.7229953780943823,25,6
41,1.0855146593189373,25,10
41,1.1914683622855342,30,2
41,0.8279420830575778,12,6
41,0.7066499032565602,17,6
41,0.9570859284503349,38,1
41,0.7186317200796423,25,3
41,0.7784532391512787,4,7
41,0.8784233307933159,7,5
41,0.9410323370917596,43,5
41,0.5321035826669596,12,14
41,1.2609366303462783,16,5
41,0.7478054738303623,9,10
41,0.988317460729745,41,9
41,0.711903805883003,29,4
41,0.7920404151102184,27,11
41,0.9662802580466098,19,17
41,0.8107063636080528,18,8
41,0.8040076377593381,26,3
41,0.8987092326009701,5,1
41,0.5706322019275403,5,5
41,1.0925344569948234,35,9
41,0.7451931166911032,25,0
41,0.9070279117595046,32,8
41,0.4816077407572591,15,8
41,1.236287070523884,35,8
41,0.5771995802105938,4,21
41,1.07399985606265,35,5
41,0.9241030952954438,8,6
41,1.896512906406237,66,16
41,0.9468700066766961,25,7
41,0.8969579317254892,51,5
41,0.6713320022676945,17,6
41,1.4191374760980568,43,10
41,0.7210981354792779,27,11
41,0.8058902862004802,34,14
41,1.2575945645089022,39,5
41,0.8476442179067384,40,5
41,0.5075853704102264,24,10
41,1.4566445031812736,20,4
41,0.8445648472006844,23,4
41,0.8727316029480028,36,7
41,0.6656548685963438,32,13
41,0.9409009895260985,41,9
41,0.8041389853249993,33,5
41,0.7710248046044471,28,8
41,0.9306850677524596,43,7
41,0.71263351458112,21,7
41,0.6247765873278261,14,3
41,1.210148904957331,27,14
41,0.9832094998429256,56,14
41,0.39112386219074374,29,9
41,1.2361265346102983,31,10
41,0.5096285547649542,32,10
41,0.8530440622728046,36,8
41,1.444983758185363,33,7
41,0.7219737859170184,16,10
41,0.4570895285005259,3,1
41,0.6697412373057993,24,10
41,1.1675339169872947,21,10
41,1.0109384303713738,34,5
41,1.497216306796582,23,6
41,1.4020622925621176,24,8
41,1.1971746843048097,15,11
41,1.1192417953459077,25,7
41,0.7511621338417007,12,3
41,1.169299812036738,25,7
41,1.0728177279717004,35,5
41,1.3077839287653936,38,14
41,1.7238784226057031,40,7
41,0.5837669584936473,30,5
41,0.7494108329662198,6,1
41,1.2141039261011255,11,4
41,0.9150547074387922,27,17
41,1.4303895842230219,31,4
41,0.3845564839076902,3,6
41,0.864996690747962,12,3
41,1.4797032980417728,46,2
41,0.7559782112492733,12,6
41,0.6720617109658116,28,12
41,0.6983312240980257,4,13
41,0.9217680274614692,22,1
41,0.630760198652386,23,4
41,1.5472743234874125,58,15
41,0.4743106537760885,8,8
41,0.896096875461711,34,7
41,0.8564007222841431,30,7
41,0.7858962678720728,19,9
41,1.347626023682585,34,5
41,1.2084121982558125,46,7
41,0.6646186822450175,13,9
41,0.5420276209613516,16,5
41,0.45154374239483624,4,3
41,1.951562130592188,57,18
41,0.7139469902377308,31,8
41,0.9778096554768594,13,9
41,1.1301874258176636,45,8
41,1.599827943925803,46,13
41,0.42542017100224555,20,4
41,0.6993528162753896,45,5
41,1.377106255086514,35,18
41,0.7270817468038379,24,5
41,1.0608505053225807,15,3
41,1.062018039239568,32,5
41,0.527287505259387,19,9
41,1.4511133112495462,37,13
41,0.7797667148078895,13,4
41,1.7370131791718102,40,9
41,0.6935151466904531,27,6
41,0.7673616669398995,22,5
41,1.5024848035969873,43,8
41,0.6538189935128851,12,6
41,1.0093330712355164,15,2
41,1.3136361925242923,39,9
41,0.7348166590038786,11,14
41,1.335089628248934,38,4
41,1.2380237772254026,22,11
41,0.5640648236444867,7,11
41,0.5189688261008525,35,6
41,0.9036858459221285,33,12
41,0.9283354057445228,32,8
41,0.6355762760599586,16,7
41,1.2333536415574535,9,7
41,0.6563000030864831,24,11
41,0.582468077010999,8,2
41,0.5830372497955303,15,7
41,0.5535570183916011,10,6
41,0.8825242936767338,12,5
41,0.45168968413445965,12,2
41,2.1361638370418414,21,30
41,1.401478525603624,18,11
41,0.5516597757764968,8,8
41,1.5379486463254763,37,6
41,1.0837779526174187,18,1
41,0.5915018706936882,5,6
41,1.8290878227002207,20,11
41,1.1266848240667018,14,8
41,1.8032561347868767,23,10
41,0.6684131674752263,36,17
41,0.8610562637781299,5,2
41,0.869958709895158,8,5
41,2.032107376690349,38,17
41,0.5642253595580725,16,10
41,1.0048234714811528,29,6
41,0.6528119955094835,19,4
41,1.2514504172707566,31,4
41,0.8003445000947905,21,10
41,1.5974928760918283,22,5
41,0.7605169993515615,20,8
41,1.03472693392999,13,3
41,1.0232121306737028,33,5
41,0.46657574157604764,4,0
41,0.9868580433335109,12,4
41,1.3730198863770586,22,7
41,1.4950271807022308,29,0
41,1.1768887824971555,29,6
41,1.7907197393532257,36,16
41,0.815974860408458,10,7
41,1.1869587625311708,15,4
41,1.6859189761296536,19,10
41,0.9354865509860699,9,2
41,1.1968682066516005,7,8
41,1.1684241615989976,17,3
41,1.0970440567491868,13,20
41,1.191030537066664,8,3
41,1.159375773742346,38,14
41,0.7005349443663392,12,3
41,0.9008983586953213,11,5
41,0.680978751256802,9,5
41,0.7005203501923769,10,4
41,1.0420240209111606,13,5
41,1.541013422857568,26,13
41,1.9620553416711113,29,10
41,1.3995812829885197,30,8
41,1.1487074325758746,15,4
41,1.5685964116463929,40,9
41,1.7612395079492964,9,10
41,0.9248473981675233,33,6
41,1.1576244728668652,16,5
41,0.7337950668265147,14,8
